competitor_id,location_id,business_category,business_name,latitude,longitude,distance_km,source,confidence
COMP0001,LOC011,Kirana,Annapurna Mart,9.563703,85.694006,1.0,Illustrative,Low
COMP0002,LOC017,Dairy,Star Dairy,18.477949,76.578409,5.5,OpenStreetMap,High
COMP0003,LOC008,Tailoring,Modern Tailors,22.511548,73.578552,2.3,Illustrative,Low
COMP0004,LOC010,Tailoring,Modern Tailors,15.834412,85.613184,1.9,Illustrative,Low
COMP0005,LOC012,Dairy,Modern Dairy,9.836388,76.033552,6.8,User-provided,High
COMP0006,LOC015,Tailoring,Jai Tailoring Works,15.624385,85.271758,7.0,OpenStreetMap,High
COMP0007,LOC019,Dairy,Gramin Doodh Bhandar,25.979631,77.320623,9.7,OpenStreetMap,Medium
COMP0008,LOC006,Kirana,Bharat General Store,18.562930,87.903700,0.9,Illustrative,Low
COMP0009,LOC011,Tailoring,Modern Tailoring Works,27.605097,73.879578,1.0,OpenStreetMap,Medium
COMP0010,LOC003,Dairy,Shri Annapurna Dudh Dairy,22.328504,83.495424,4.5,User-provided,High
COMP0011,LOC001,Kirana,Sai Provision Store,23.123161,80.550980,2.2,OpenStreetMap,High
COMP0012,LOC008,Dairy,Ganesh Doodh Bhandar,12.409427,79.105815,2.8,OpenStreetMap,Medium
COMP0013,LOC018,Dairy,Jai Doodh Bhandar,24.853626,78.772928,2.4,OpenStreetMap,High
COMP0014,LOC005,Dairy,New Milk Center,20.087602,82.049239,2.7,OpenStreetMap,High
COMP0015,LOC014,Tailoring,Om Fashion Point,25.040897,80.893215,6.2,OpenStreetMap,Medium
COMP0016,LOC018,Dairy,Maa Doodh Bhandar,10.895244,82.758346,0.7,OpenStreetMap,High
COMP0017,LOC015,Dairy,Shri Royal Dudh Dairy,9.667072,72.803663,1.6,OpenStreetMap,Medium
COMP0018,LOC020,Dairy,Royal Milk Center,17.467128,82.760230,9.5,Illustrative,Low
COMP0019,LOC016,Dairy,Sun Doodh Bhandar,19.977522,77.696081,1.5,OpenStreetMap,Medium
COMP0020,LOC016,Kirana,Vishal General Store,8.956607,87.730473,5.3,OpenStreetMap,High
COMP0021,LOC017,Dairy,Durga Dairy,28.775287,80.938831,9.0,OpenStreetMap,High
COMP0022,LOC018,Tailoring,Annapurna Fashion Point,13.775304,85.540727,9.8,OpenStreetMap,High
COMP0023,LOC013,Kirana,Krishna General Store,20.875093,78.382332,0.4,OpenStreetMap,Medium
COMP0024,LOC016,Dairy,Shri Sun Dudh Dairy,27.886434,84.153109,3.5,OpenStreetMap,High
COMP0025,LOC008,Dairy,Krishna Doodh Bhandar,16.539473,80.377657,9.8,Illustrative,Low
COMP0026,LOC016,Kirana,Annapurna Provision Store,10.443162,83.171195,9.0,OpenStreetMap,Medium
COMP0027,LOC006,Tailoring,Ganesh Fashion Point,27.699848,88.055019,4.0,User-provided,Medium
COMP0028,LOC006,Dairy,New Milk Center,12.042732,87.006178,8.0,OpenStreetMap,Medium
COMP0029,LOC012,Dairy,New Milk Center,8.743255,88.042976,6.5,Illustrative,Low
COMP0030,LOC014,Kirana,Krishna General Store,9.074649,76.140643,5.0,Illustrative,Low
COMP0031,LOC009,Tailoring,Shree Boutique,30.331411,78.354409,4.6,Illustrative,Low
COMP0032,LOC017,Dairy,Vishal Milk Center,20.704183,86.503048,7.7,Illustrative,Low
COMP0033,LOC005,Dairy,Royal Doodh Bhandar,25.877158,81.536667,3.3,Illustrative,Low
COMP0034,LOC004,Kirana,Radha Kirana Store,13.010478,73.462523,1.1,User-provided,Medium
COMP0035,LOC003,Tailoring,Durga Boutique,15.080172,80.778052,8.0,Illustrative,Low
COMP0036,LOC017,Kirana,Ideal Provision Store,29.915394,75.980640,4.5,User-provided,Medium
COMP0037,LOC013,Tailoring,Shiv Tailors,14.199394,73.947996,6.7,OpenStreetMap,High
COMP0038,LOC012,Dairy,Sun Milk Center,13.692067,87.754315,4.0,User-provided,Medium
COMP0039,LOC008,Dairy,Vishal Doodh Bhandar,18.131815,79.414041,3.6,OpenStreetMap,Medium
COMP0040,LOC001,Dairy,Sun Doodh Bhandar,25.345948,78.834210,5.2,OpenStreetMap,High
COMP0041,LOC004,Kirana,Laxmi General Store,10.425877,77.069151,9.0,OpenStreetMap,Medium
COMP0042,LOC005,Kirana,Maa Provision Store,11.999768,87.230993,5.7,OpenStreetMap,High
COMP0043,LOC009,Dairy,Star Milk Center,29.976374,77.022098,0.3,OpenStreetMap,Medium
COMP0044,LOC003,Tailoring,Ganesh Boutique,14.773269,74.710338,0.2,Illustrative,Low
COMP0045,LOC009,Tailoring,Vishal Tailors,25.499835,87.528577,9.6,OpenStreetMap,High
COMP0046,LOC006,Dairy,Shri Annapurna Dudh Dairy,15.750630,84.724123,2.9,Illustrative,Low
COMP0047,LOC009,Dairy,Balaji Dairy,9.290479,73.089412,5.1,OpenStreetMap,Medium
COMP0048,LOC008,Kirana,Shiv Kirana Store,28.135975,79.585188,5.0,User-provided,High
COMP0049,LOC007,Kirana,Krishna Provision Store,28.458106,83.895589,6.3,User-provided,High
COMP0050,LOC002,Kirana,Ganesh Kirana Store,23.473304,86.613712,4.3,OpenStreetMap,High
COMP0051,LOC013,Kirana,Royal Provision Store,14.237332,77.401018,4.6,OpenStreetMap,Medium
COMP0052,LOC015,Dairy,Shri Gramin Dudh Dairy,31.840214,81.389052,2.5,OpenStreetMap,High
COMP0053,LOC012,Dairy,Shri Maa Dudh Dairy,10.421763,77.179183,6.5,OpenStreetMap,High
COMP0054,LOC003,Dairy,Om Dairy,18.028219,73.454171,0.3,OpenStreetMap,High
COMP0055,LOC003,Tailoring,Shiv Boutique,29.916508,85.109445,5.9,OpenStreetMap,Medium
COMP0056,LOC005,Dairy,Shree Milk Center,28.279057,84.025673,5.1,User-provided,Medium
COMP0057,LOC017,Kirana,Shiv Kirana Store,22.475883,86.817427,6.8,OpenStreetMap,High
COMP0058,LOC001,Dairy,Shri Laxmi Dudh Dairy,17.476500,79.886763,0.6,OpenStreetMap,High
COMP0059,LOC016,Dairy,Ganesh Doodh Bhandar,26.433195,80.696646,5.3,Illustrative,Low
COMP0060,LOC016,Dairy,Balaji Dairy,14.058333,84.676130,2.4,User-provided,High
COMP0061,LOC013,Dairy,Shri Prime Dudh Dairy,9.526614,82.734848,2.0,Illustrative,Low
COMP0062,LOC011,Dairy,Shri Royal Dudh Dairy,22.083057,72.995767,0.7,OpenStreetMap,High
COMP0063,LOC007,Tailoring,Durga Fashion Point,20.848510,80.095207,4.7,OpenStreetMap,High
COMP0064,LOC010,Kirana,New Mart,15.379092,74.000489,5.1,User-provided,High
COMP0065,LOC013,Dairy,Ganesh Milk Center,22.413484,75.025329,5.2,OpenStreetMap,High
COMP0066,LOC020,Kirana,Laxmi Provision Store,25.350423,76.432723,8.9,User-provided,High
COMP0067,LOC001,Dairy,Shiv Doodh Bhandar,19.263323,77.540631,1.5,OpenStreetMap,Medium
COMP0068,LOC011,Dairy,Shri New Dudh Dairy,16.221597,78.110880,4.0,OpenStreetMap,High
COMP0069,LOC010,Dairy,Maa Dairy,17.802882,86.458559,0.8,User-provided,High
COMP0070,LOC002,Dairy,Shiv Dairy,15.283519,87.488761,2.5,OpenStreetMap,Medium
COMP0071,LOC017,Dairy,Shri Star Dudh Dairy,29.710824,85.547808,6.3,Illustrative,Low
COMP0072,LOC003,Dairy,Sun Doodh Bhandar,23.219429,74.975589,8.6,User-provided,Medium
COMP0073,LOC018,Dairy,Star Doodh Bhandar,16.682275,77.475018,7.3,OpenStreetMap,Medium
COMP0074,LOC008,Dairy,Laxmi Doodh Bhandar,12.432712,75.338014,2.1,User-provided,Medium
COMP0075,LOC015,Kirana,Star Mart,11.764265,75.820791,1.0,OpenStreetMap,High
COMP0076,LOC011,Dairy,Shri Modern Dudh Dairy,13.271618,73.115283,8.6,User-provided,High
COMP0077,LOC017,Dairy,Shri Gramin Dudh Dairy,26.525875,80.620891,5.7,OpenStreetMap,High
COMP0078,LOC017,Tailoring,Ganesh Boutique,14.931603,76.700722,4.0,User-provided,High
COMP0079,LOC010,Kirana,Om Kirana Store,9.177068,83.939335,8.9,User-provided,High
COMP0080,LOC001,Dairy,Sun Doodh Bhandar,14.388013,74.512022,1.6,Illustrative,Low
COMP0081,LOC015,Dairy,New Dairy,27.253397,76.451456,9.1,OpenStreetMap,High
COMP0082,LOC009,Tailoring,Durga Tailoring Works,26.808642,74.361283,3.0,Illustrative,Low
COMP0083,LOC013,Dairy,New Dairy,21.353179,88.443073,2.8,OpenStreetMap,High
COMP0084,LOC016,Tailoring,New Boutique,31.550803,83.863063,3.1,OpenStreetMap,High
COMP0085,LOC016,Kirana,Ganesh Mart,14.599873,83.277474,9.2,OpenStreetMap,Medium
COMP0086,LOC002,Tailoring,Jai Tailoring Works,24.849857,75.909850,7.9,Illustrative,Low
COMP0087,LOC007,Tailoring,City Boutique,26.857156,75.844752,4.7,OpenStreetMap,Medium
COMP0088,LOC004,Kirana,Royal Mart,12.914248,76.306189,4.2,OpenStreetMap,High
COMP0089,LOC013,Dairy,Royal Dairy,11.820057,73.613897,0.7,User-provided,High
COMP0090,LOC011,Kirana,Sai Kirana Store,16.334751,75.712541,9.3,User-provided,Medium
COMP0091,LOC010,Tailoring,Jai Tailoring Works,32.138087,79.746232,1.2,OpenStreetMap,Medium
COMP0092,LOC003,Dairy,Ideal Dairy,31.638936,76.056218,3.6,OpenStreetMap,Medium
COMP0093,LOC003,Dairy,Krishna Doodh Bhandar,17.382417,87.236251,2.0,OpenStreetMap,Medium
COMP0094,LOC001,Tailoring,Annapurna Boutique,26.876699,73.438197,0.4,OpenStreetMap,High
COMP0095,LOC009,Dairy,Royal Dairy,16.571576,77.075340,9.5,Illustrative,Low
COMP0096,LOC009,Kirana,Balaji Provision Store,15.567482,84.128681,5.9,OpenStreetMap,High
COMP0097,LOC008,Dairy,Prime Doodh Bhandar,17.715006,76.741435,4.3,User-provided,Medium
COMP0098,LOC016,Dairy,Shri Durga Dudh Dairy,27.024706,82.333891,3.3,OpenStreetMap,Medium
COMP0099,LOC012,Kirana,Vishal Kirana Store,13.155214,84.620305,2.5,OpenStreetMap,High
COMP0100,LOC016,Tailoring,Sai Fashion Point,32.024164,86.670552,9.8,OpenStreetMap,High
COMP0101,LOC007,Dairy,Durga Doodh Bhandar,31.828011,75.519112,1.4,User-provided,Medium
COMP0102,LOC018,Kirana,Prime Kirana Store,28.664995,77.412380,5.7,OpenStreetMap,Medium
COMP0103,LOC009,Dairy,Sai Milk Center,14.312701,75.207159,8.8,Illustrative,Low
COMP0104,LOC011,Dairy,Shri Radha Dudh Dairy,20.626521,76.432681,8.0,User-provided,Medium
COMP0105,LOC004,Dairy,Sun Milk Center,30.436451,73.433681,3.0,OpenStreetMap,High
COMP0106,LOC007,Tailoring,Ganesh Boutique,17.370911,86.398199,4.5,OpenStreetMap,High
COMP0107,LOC004,Tailoring,Krishna Fashion Point,9.302654,78.138260,0.5,OpenStreetMap,High
COMP0108,LOC020,Kirana,New General Store,28.133878,79.221220,3.7,Illustrative,Low
COMP0109,LOC003,Dairy,Ideal Doodh Bhandar,20.052519,79.208270,7.9,Illustrative,Low
COMP0110,LOC018,Dairy,Maa Milk Center,25.159282,79.233686,2.9,OpenStreetMap,Medium
COMP0111,LOC002,Dairy,Shri Star Dudh Dairy,18.436334,86.368668,9.9,OpenStreetMap,High
COMP0112,LOC013,Kirana,New General Store,18.863358,75.258100,1.2,OpenStreetMap,Medium
COMP0113,LOC019,Kirana,Prime Mart,12.317324,73.032900,5.5,User-provided,Medium
COMP0114,LOC019,Tailoring,Gopal Fashion Point,20.557560,75.090423,2.9,Illustrative,Low
COMP0115,LOC003,Dairy,Prime Doodh Bhandar,27.796008,87.979954,2.0,OpenStreetMap,High
COMP0116,LOC016,Dairy,Ganesh Doodh Bhandar,30.191722,82.539385,8.2,OpenStreetMap,High
COMP0117,LOC020,Tailoring,Bharat Boutique,12.809470,76.224749,4.0,Illustrative,Low
COMP0118,LOC013,Dairy,Radha Milk Center,31.793684,85.605701,2.0,Illustrative,Low
COMP0119,LOC011,Dairy,Ideal Doodh Bhandar,28.861132,85.015953,6.5,OpenStreetMap,High
COMP0120,LOC014,Dairy,Shri Sun Dudh Dairy,20.536239,75.606594,0.1,User-provided,High
COMP0121,LOC008,Tailoring,Sai Tailoring Works,27.933757,79.085375,0.8,OpenStreetMap,Medium
COMP0122,LOC012,Dairy,Vishal Doodh Bhandar,20.694886,73.440039,6.3,OpenStreetMap,Medium
COMP0123,LOC017,Dairy,Annapurna Doodh Bhandar,31.315918,74.938116,8.5,Illustrative,Low
COMP0124,LOC007,Dairy,City Doodh Bhandar,31.455007,87.181847,1.7,OpenStreetMap,High
COMP0125,LOC012,Tailoring,Sai Fashion Point,16.204520,82.432448,9.0,User-provided,Medium
COMP0126,LOC009,Tailoring,Krishna Tailoring Works,22.664495,82.469100,2.4,OpenStreetMap,High
COMP0127,LOC007,Dairy,Annapurna Milk Center,30.967331,83.470975,8.9,OpenStreetMap,Medium
COMP0128,LOC004,Kirana,Annapurna Kirana Store,29.084764,87.968632,4.5,Illustrative,Low
COMP0129,LOC009,Kirana,Gopal Mart,27.623862,76.956640,9.8,Illustrative,Low
COMP0130,LOC012,Dairy,Sun Dairy,13.944140,82.461366,9.5,OpenStreetMap,Medium
COMP0131,LOC010,Tailoring,Gopal Fashion Point,8.443162,73.330553,1.6,Illustrative,Low
COMP0132,LOC014,Tailoring,Om Tailors,20.170307,82.416555,0.5,OpenStreetMap,High
COMP0133,LOC019,Dairy,Vishal Dairy,17.007352,76.320866,5.8,Illustrative,Low
COMP0134,LOC007,Dairy,Sai Doodh Bhandar,11.647444,87.504477,2.5,OpenStreetMap,Medium
COMP0135,LOC004,Dairy,Shiv Milk Center,27.249963,79.110660,2.7,OpenStreetMap,High
COMP0136,LOC018,Kirana,Royal Mart,30.985487,84.316301,2.5,OpenStreetMap,High
COMP0137,LOC002,Tailoring,Sai Tailoring Works,14.127818,73.716553,7.7,OpenStreetMap,High
COMP0138,LOC005,Tailoring,Royal Tailoring Works,12.608811,77.657305,3.0,OpenStreetMap,Medium
COMP0139,LOC018,Dairy,Gopal Doodh Bhandar,30.385459,74.063513,6.5,OpenStreetMap,High
COMP0140,LOC004,Dairy,Laxmi Dairy,16.485937,84.569569,6.9,OpenStreetMap,High
COMP0141,LOC009,Tailoring,Shiv Tailoring Works,27.401645,81.014941,2.7,OpenStreetMap,High
COMP0142,LOC017,Dairy,Shri Radha Dudh Dairy,28.685522,75.983589,1.7,OpenStreetMap,High
COMP0143,LOC013,Dairy,Maa Milk Center,30.272398,82.701928,6.9,Illustrative,Low
COMP0144,LOC016,Kirana,New Kirana Store,18.936858,84.176586,5.7,OpenStreetMap,High
COMP0145,LOC013,Tailoring,Modern Tailors,30.350032,75.070140,0.4,OpenStreetMap,High
COMP0146,LOC012,Kirana,New Kirana Store,9.403751,83.674216,6.3,OpenStreetMap,High
COMP0147,LOC003,Kirana,Krishna Provision Store,28.103235,85.667144,8.8,OpenStreetMap,Medium
COMP0148,LOC004,Dairy,Laxmi Milk Center,9.216041,87.703248,9.0,OpenStreetMap,Medium
COMP0149,LOC016,Dairy,Prime Dairy,23.976317,77.423013,3.4,OpenStreetMap,High
COMP0150,LOC012,Dairy,Shri Shree Dudh Dairy,25.649869,78.577982,3.2,Illustrative,Low
COMP0151,LOC010,Tailoring,Star Tailors,9.153084,80.942371,1.1,User-provided,Medium
COMP0152,LOC018,Tailoring,Modern Tailors,28.157449,75.474829,0.1,OpenStreetMap,Medium
COMP0153,LOC002,Dairy,Laxmi Doodh Bhandar,20.244767,85.309319,1.9,User-provided,High
COMP0154,LOC017,Dairy,City Milk Center,28.047307,87.531141,2.4,OpenStreetMap,High
COMP0155,LOC003,Tailoring,Annapurna Tailors,16.272126,74.293831,9.2,OpenStreetMap,Medium
COMP0156,LOC001,Dairy,Shri Balaji Dudh Dairy,18.716267,81.355510,1.8,OpenStreetMap,Medium
COMP0157,LOC005,Tailoring,Jai Tailors,22.416104,80.991195,8.6,User-provided,High
COMP0158,LOC006,Tailoring,Modern Fashion Point,13.967689,78.044644,6.4,OpenStreetMap,High
COMP0159,LOC009,Dairy,Gopal Milk Center,12.159256,76.687022,3.3,Illustrative,Low
COMP0160,LOC006,Dairy,Balaji Milk Center,31.901072,84.241097,1.1,OpenStreetMap,High
COMP0161,LOC013,Dairy,City Milk Center,26.072352,79.628291,2.0,OpenStreetMap,Medium
COMP0162,LOC007,Kirana,Shree Mart,8.704077,86.212944,4.4,OpenStreetMap,Medium
COMP0163,LOC015,Dairy,Shri Royal Dudh Dairy,26.191593,72.886627,2.5,User-provided,High
COMP0164,LOC008,Tailoring,Shiv Boutique,12.774269,74.750183,4.3,OpenStreetMap,High
COMP0165,LOC014,Dairy,Durga Doodh Bhandar,25.574516,75.256397,8.4,User-provided,High
COMP0166,LOC001,Tailoring,Vishal Tailoring Works,24.673405,87.404099,1.9,OpenStreetMap,High
COMP0167,LOC013,Kirana,Shree Kirana Store,14.454477,76.220739,7.1,OpenStreetMap,Medium
COMP0168,LOC004,Kirana,Ideal Mart,13.340064,80.269048,0.3,OpenStreetMap,Medium
COMP0169,LOC014,Kirana,Krishna Mart,32.265699,75.685701,5.1,OpenStreetMap,Medium
COMP0170,LOC002,Dairy,Maa Doodh Bhandar,9.882242,73.980404,9.1,OpenStreetMap,Medium
COMP0171,LOC004,Dairy,Vishal Doodh Bhandar,31.813176,88.409415,9.5,User-provided,Medium
COMP0172,LOC006,Dairy,Annapurna Dairy,13.055446,82.882529,7.2,OpenStreetMap,Medium
COMP0173,LOC014,Tailoring,Prime Fashion Point,21.613252,74.765107,8.3,OpenStreetMap,High
COMP0174,LOC009,Kirana,Star Provision Store,24.759529,80.360633,8.0,OpenStreetMap,Medium
COMP0175,LOC008,Tailoring,Bharat Fashion Point,20.086553,82.586814,0.9,OpenStreetMap,High
COMP0176,LOC010,Kirana,Ganesh Kirana Store,28.352387,87.021153,7.8,OpenStreetMap,Medium
COMP0177,LOC019,Dairy,Krishna Dairy,31.337623,83.098521,2.6,OpenStreetMap,High
COMP0178,LOC008,Dairy,Jai Doodh Bhandar,27.315733,76.074092,4.0,Illustrative,Low
COMP0179,LOC020,Kirana,Shiv Kirana Store,30.129589,81.411466,6.3,OpenStreetMap,High
COMP0180,LOC016,Tailoring,Gopal Tailors,28.626630,83.338288,1.2,OpenStreetMap,Medium
COMP0181,LOC014,Dairy,Bharat Milk Center,20.283149,73.717735,4.7,OpenStreetMap,Medium
COMP0182,LOC008,Tailoring,Sai Tailors,28.662497,80.146978,5.6,OpenStreetMap,Medium
COMP0183,LOC012,Tailoring,Sai Tailors,23.752686,82.787180,0.4,Illustrative,Low
COMP0184,LOC011,Kirana,Vishal Kirana Store,20.068530,84.687597,1.5,OpenStreetMap,Medium
COMP0185,LOC005,Dairy,Shri Gramin Dudh Dairy,19.836258,81.050941,7.7,OpenStreetMap,Medium
COMP0186,LOC014,Dairy,Shri Ideal Dudh Dairy,9.670559,77.339627,3.6,User-provided,High
COMP0187,LOC011,Tailoring,Vishal Fashion Point,16.709926,75.995445,4.9,OpenStreetMap,Medium
COMP0188,LOC007,Dairy,Shri Om Dudh Dairy,22.533473,82.766688,7.8,OpenStreetMap,Medium
COMP0189,LOC018,Kirana,Maa Kirana Store,15.639794,72.897508,2.0,User-provided,Medium
COMP0190,LOC017,Kirana,Royal Mart,11.943945,83.377096,6.9,OpenStreetMap,High
COMP0191,LOC002,Tailoring,Annapurna Tailoring Works,26.780462,74.391378,1.9,OpenStreetMap,Medium
COMP0192,LOC004,Kirana,Jai Kirana Store,29.413322,74.977525,3.1,OpenStreetMap,Medium
COMP0193,LOC006,Tailoring,New Fashion Point,18.779269,82.875708,9.3,OpenStreetMap,Medium
COMP0194,LOC019,Tailoring,Prime Tailors,27.928997,81.832545,9.1,User-provided,Medium
COMP0195,LOC001,Tailoring,Bharat Boutique,26.954268,81.416243,0.9,User-provided,Medium
COMP0196,LOC005,Tailoring,New Tailoring Works,8.624792,83.309050,9.8,OpenStreetMap,High
COMP0197,LOC004,Dairy,Balaji Dairy,25.736360,76.603645,7.3,OpenStreetMap,High
COMP0198,LOC012,Kirana,Gopal General Store,26.700301,77.402350,5.6,User-provided,High
COMP0199,LOC009,Kirana,Durga Kirana Store,9.170446,73.750650,8.8,Illustrative,Low
COMP0200,LOC013,Dairy,Bharat Milk Center,23.075652,77.765588,9.4,User-provided,High
COMP0201,LOC006,Dairy,Jai Dairy,31.388811,75.375204,8.0,User-provided,High
COMP0202,LOC015,Kirana,City Provision Store,15.145761,82.563003,6.5,Illustrative,Low
COMP0203,LOC020,Kirana,Om Kirana Store,22.887409,77.644985,4.3,OpenStreetMap,Medium
COMP0204,LOC013,Tailoring,Sun Boutique,15.227754,72.826455,2.7,User-provided,Medium
COMP0205,LOC019,Kirana,City Kirana Store,28.480867,85.544513,8.6,Illustrative,Low
COMP0206,LOC009,Kirana,Jai Mart,21.282833,81.277705,4.9,User-provided,Medium
COMP0207,LOC008,Dairy,Shiv Dairy,17.931452,83.920927,9.2,Illustrative,Low
COMP0208,LOC013,Tailoring,Ideal Tailors,27.838456,84.923011,2.4,Illustrative,Low
COMP0209,LOC017,Dairy,Krishna Milk Center,13.525917,74.247357,8.0,OpenStreetMap,Medium
COMP0210,LOC019,Tailoring,Prime Tailoring Works,20.864939,75.139442,0.5,User-provided,High
COMP0211,LOC004,Dairy,Ganesh Doodh Bhandar,12.163334,82.176235,3.5,Illustrative,Low
COMP0212,LOC004,Dairy,Modern Doodh Bhandar,22.069133,76.907072,7.7,User-provided,Medium
COMP0213,LOC015,Kirana,Balaji General Store,28.734296,78.119838,9.8,User-provided,Medium
COMP0214,LOC001,Dairy,Shri Durga Dudh Dairy,19.444570,87.671120,9.0,OpenStreetMap,Medium
COMP0215,LOC004,Kirana,Balaji Kirana Store,16.080925,76.461364,1.0,Illustrative,Low
COMP0216,LOC006,Tailoring,Jai Boutique,31.675021,88.369937,2.3,OpenStreetMap,Medium
COMP0217,LOC012,Dairy,Shree Dairy,14.615468,80.859348,7.3,User-provided,Medium
COMP0218,LOC004,Dairy,Krishna Dairy,24.713029,77.491046,5.9,OpenStreetMap,Medium
COMP0219,LOC011,Dairy,Laxmi Doodh Bhandar,17.437094,78.760443,4.4,OpenStreetMap,High
COMP0220,LOC015,Kirana,Shree General Store,12.182644,85.875528,0.9,Illustrative,Low
COMP0221,LOC005,Kirana,Maa Kirana Store,28.698208,82.665419,4.5,OpenStreetMap,Medium
COMP0222,LOC008,Tailoring,Om Fashion Point,16.400696,84.356187,1.9,User-provided,Medium
COMP0223,LOC015,Kirana,Star Provision Store,18.323938,75.244277,2.8,OpenStreetMap,Medium
COMP0224,LOC006,Dairy,Gramin Dairy,19.394050,80.374250,1.6,Illustrative,Low
COMP0225,LOC007,Tailoring,Laxmi Fashion Point,14.612815,75.965463,3.7,OpenStreetMap,High
COMP0226,LOC008,Dairy,Shri Star Dudh Dairy,29.998407,73.702473,7.2,OpenStreetMap,High
COMP0227,LOC001,Tailoring,Vishal Fashion Point,11.777457,72.830192,8.3,Illustrative,Low
COMP0228,LOC006,Dairy,Star Dairy,13.660185,81.770036,1.5,OpenStreetMap,High
COMP0229,LOC006,Dairy,Ganesh Dairy,29.832740,84.274335,7.6,OpenStreetMap,High
COMP0230,LOC005,Tailoring,Modern Boutique,15.823869,72.957571,6.9,Illustrative,Low
COMP0231,LOC002,Tailoring,Gramin Fashion Point,15.190362,82.835141,9.4,OpenStreetMap,High
COMP0232,LOC014,Kirana,Om Mart,29.415529,76.980275,1.9,OpenStreetMap,High
COMP0233,LOC006,Kirana,Jai Kirana Store,20.927734,79.798548,5.2,OpenStreetMap,Medium
COMP0234,LOC008,Kirana,Prime Provision Store,25.539593,78.787809,7.5,OpenStreetMap,Medium
COMP0235,LOC004,Kirana,Sun Mart,20.770869,81.129015,5.4,OpenStreetMap,High
COMP0236,LOC003,Dairy,Sai Milk Center,10.874477,76.732192,8.1,OpenStreetMap,High
COMP0237,LOC004,Kirana,Balaji General Store,8.826265,82.210553,5.7,Illustrative,Low
COMP0238,LOC015,Dairy,Durga Dairy,12.713210,77.086305,4.7,Illustrative,Low
COMP0239,LOC004,Dairy,Om Doodh Bhandar,21.452504,76.370700,2.3,Illustrative,Low
COMP0240,LOC013,Dairy,Annapurna Dairy,17.768748,79.401600,8.3,Illustrative,Low
COMP0241,LOC013,Kirana,Prime Kirana Store,17.154438,79.091097,8.3,User-provided,High
COMP0242,LOC013,Kirana,Gramin Kirana Store,20.868725,87.838418,9.3,OpenStreetMap,Medium
COMP0243,LOC001,Dairy,Ganesh Milk Center,16.216841,75.952322,6.7,OpenStreetMap,High
COMP0244,LOC014,Kirana,Annapurna Mart,9.526961,88.188986,9.6,OpenStreetMap,High
COMP0245,LOC020,Dairy,Shri Annapurna Dudh Dairy,21.468332,87.312824,6.2,OpenStreetMap,High
COMP0246,LOC017,Dairy,Shree Milk Center,15.329301,77.594964,6.4,OpenStreetMap,High
COMP0247,LOC020,Kirana,Ganesh Provision Store,19.640656,81.181154,1.6,OpenStreetMap,High
COMP0248,LOC010,Kirana,Balaji Provision Store,14.265957,74.179201,5.5,User-provided,Medium
COMP0249,LOC013,Dairy,Shri Sun Dudh Dairy,29.892607,77.568110,4.8,OpenStreetMap,High
COMP0250,LOC008,Dairy,Vishal Milk Center,21.556566,88.022811,4.0,OpenStreetMap,High
COMP0251,LOC008,Dairy,Shri Bharat Dudh Dairy,14.905262,86.590450,2.2,OpenStreetMap,High
COMP0252,LOC006,Tailoring,Sun Fashion Point,24.251010,80.916831,8.3,OpenStreetMap,High
COMP0253,LOC017,Dairy,Star Milk Center,16.522080,78.333531,6.7,Illustrative,Low
COMP0254,LOC017,Dairy,Balaji Doodh Bhandar,27.317108,83.924267,9.1,OpenStreetMap,Medium
COMP0255,LOC004,Dairy,Bharat Dairy,17.979591,88.388913,1.6,OpenStreetMap,High
COMP0256,LOC013,Kirana,City Mart,25.825765,77.398826,3.9,Illustrative,Low
COMP0257,LOC011,Dairy,Maa Doodh Bhandar,19.101145,75.692122,3.1,OpenStreetMap,Medium
COMP0258,LOC019,Dairy,Ganesh Milk Center,28.201475,77.982272,9.6,Illustrative,Low
COMP0259,LOC011,Dairy,New Doodh Bhandar,9.016363,76.827814,8.9,OpenStreetMap,Medium
COMP0260,LOC018,Tailoring,Vishal Tailoring Works,28.298797,84.215711,4.3,User-provided,High
COMP0261,LOC002,Tailoring,Sun Fashion Point,31.244388,83.420692,5.2,OpenStreetMap,Medium
COMP0262,LOC012,Tailoring,Krishna Boutique,31.643751,80.441395,4.4,Illustrative,Low
COMP0263,LOC017,Kirana,Sai Kirana Store,17.141477,78.556526,0.8,OpenStreetMap,High
COMP0264,LOC004,Tailoring,Durga Fashion Point,16.674858,87.485647,5.1,User-provided,Medium
COMP0265,LOC017,Dairy,Vishal Milk Center,29.924703,79.272476,0.7,Illustrative,Low
COMP0266,LOC012,Tailoring,Durga Tailors,18.315165,85.165880,3.1,Illustrative,Low
COMP0267,LOC010,Dairy,Modern Dairy,8.772130,73.263654,1.8,Illustrative,Low
COMP0268,LOC018,Tailoring,Modern Boutique,13.184987,82.247347,1.5,Illustrative,Low
COMP0269,LOC001,Dairy,Vishal Milk Center,20.219283,80.140026,4.3,OpenStreetMap,High
COMP0270,LOC019,Dairy,Jai Milk Center,15.038291,73.316379,6.3,Illustrative,Low
COMP0271,LOC012,Dairy,New Doodh Bhandar,9.717761,86.781489,5.8,OpenStreetMap,Medium
COMP0272,LOC002,Tailoring,Radha Boutique,9.459888,87.413925,8.5,OpenStreetMap,High
COMP0273,LOC015,Dairy,Shri Bharat Dudh Dairy,32.006949,73.860157,6.7,Illustrative,Low
COMP0274,LOC014,Dairy,New Doodh Bhandar,27.505430,76.621238,1.8,OpenStreetMap,Medium
COMP0275,LOC006,Dairy,Shri Maa Dudh Dairy,21.932970,74.603716,5.3,User-provided,High
COMP0276,LOC013,Tailoring,Star Tailors,28.302389,78.314587,2.5,OpenStreetMap,Medium
COMP0277,LOC010,Dairy,Shree Doodh Bhandar,15.127102,73.196962,8.0,OpenStreetMap,High
COMP0278,LOC003,Dairy,Ideal Milk Center,19.083739,85.930149,8.0,OpenStreetMap,Medium
COMP0279,LOC012,Dairy,Maa Doodh Bhandar,23.567184,81.917659,3.0,User-provided,Medium
COMP0280,LOC008,Kirana,Durga General Store,32.449856,82.156464,4.4,OpenStreetMap,High
COMP0281,LOC013,Tailoring,Om Boutique,29.424609,74.727786,5.1,Illustrative,Low
COMP0282,LOC013,Dairy,City Milk Center,8.761509,83.958063,6.9,OpenStreetMap,Medium
COMP0283,LOC007,Tailoring,Ganesh Tailors,21.943975,78.475271,5.0,OpenStreetMap,High
COMP0284,LOC003,Kirana,Radha Kirana Store,15.354494,85.624244,4.0,OpenStreetMap,Medium
COMP0285,LOC015,Kirana,Balaji General Store,12.651082,78.555335,7.9,OpenStreetMap,Medium
COMP0286,LOC001,Tailoring,Radha Tailoring Works,32.498542,79.088267,9.0,OpenStreetMap,High
COMP0287,LOC010,Dairy,Durga Milk Center,24.725787,79.153200,6.1,User-provided,Medium
COMP0288,LOC010,Dairy,Ideal Dairy,15.893098,82.821544,1.9,OpenStreetMap,Medium
COMP0289,LOC017,Dairy,Shiv Doodh Bhandar,24.892296,78.279914,0.1,OpenStreetMap,High
COMP0290,LOC019,Tailoring,Radha Tailors,24.813764,73.382954,3.2,OpenStreetMap,High
COMP0291,LOC014,Tailoring,Gopal Tailoring Works,23.229507,76.266570,5.3,OpenStreetMap,Medium
COMP0292,LOC015,Kirana,Vishal Mart,9.708645,83.762606,4.3,Illustrative,Low
COMP0293,LOC016,Kirana,Durga Kirana Store,28.286732,81.578291,1.8,OpenStreetMap,High
COMP0294,LOC018,Dairy,Sai Dairy,17.023602,79.262716,2.1,OpenStreetMap,High
COMP0295,LOC005,Tailoring,Shiv Tailoring Works,20.034951,83.878251,0.2,User-provided,Medium
COMP0296,LOC012,Tailoring,Durga Boutique,11.819502,81.643316,3.4,OpenStreetMap,Medium
COMP0297,LOC006,Tailoring,Royal Boutique,32.001350,85.979929,4.1,OpenStreetMap,High
COMP0298,LOC010,Dairy,Krishna Doodh Bhandar,9.445862,86.864249,3.1,OpenStreetMap,Medium
COMP0299,LOC015,Kirana,Gramin General Store,19.126247,81.736215,2.9,Illustrative,Low
COMP0300,LOC002,Dairy,Ganesh Doodh Bhandar,26.409708,78.008084,7.3,OpenStreetMap,High
COMP0301,LOC016,Kirana,Krishna Mart,27.291416,77.852465,3.6,OpenStreetMap,Medium
COMP0302,LOC020,Kirana,Annapurna Provision Store,14.328322,74.976844,0.4,User-provided,Medium
COMP0303,LOC010,Dairy,Laxmi Milk Center,27.309269,85.837184,7.4,OpenStreetMap,Medium
COMP0304,LOC006,Tailoring,Gramin Fashion Point,13.948444,74.940582,9.1,OpenStreetMap,High
COMP0305,LOC002,Dairy,Shree Doodh Bhandar,31.172899,80.561763,5.0,OpenStreetMap,Medium
COMP0306,LOC020,Tailoring,Om Tailors,24.980414,75.369118,4.4,User-provided,Medium
COMP0307,LOC002,Kirana,Krishna Mart,13.660434,78.648084,0.4,Illustrative,Low
COMP0308,LOC005,Dairy,Vishal Dairy,25.529739,86.782795,0.7,OpenStreetMap,High
COMP0309,LOC006,Dairy,Sun Dairy,27.780337,83.401605,5.7,User-provided,Medium
COMP0310,LOC018,Dairy,Star Doodh Bhandar,31.808229,87.066693,8.6,User-provided,Medium
COMP0311,LOC002,Kirana,Royal Provision Store,24.268310,81.670865,4.2,OpenStreetMap,Medium
COMP0312,LOC005,Dairy,Shri Vishal Dudh Dairy,29.731009,73.237114,2.0,User-provided,Medium
COMP0313,LOC005,Tailoring,Ideal Fashion Point,22.396513,79.337117,5.3,Illustrative,Low
COMP0314,LOC013,Dairy,Sai Milk Center,31.741581,75.984280,7.4,OpenStreetMap,Medium
COMP0315,LOC004,Dairy,Shri Durga Dudh Dairy,20.191581,81.498134,2.3,Illustrative,Low
COMP0316,LOC017,Kirana,Star Kirana Store,24.775790,85.365251,1.4,Illustrative,Low
COMP0317,LOC017,Dairy,Ideal Doodh Bhandar,12.527250,87.872523,5.6,OpenStreetMap,High
COMP0318,LOC012,Kirana,Maa Kirana Store,14.109342,78.645846,0.2,Illustrative,Low
COMP0319,LOC015,Dairy,Star Milk Center,30.295696,74.176974,9.8,OpenStreetMap,High
COMP0320,LOC012,Dairy,Shri Prime Dudh Dairy,26.139316,72.982858,2.6,OpenStreetMap,Medium
COMP0321,LOC017,Kirana,Gopal Provision Store,20.184611,85.619758,3.6,OpenStreetMap,Medium
COMP0322,LOC020,Dairy,Balaji Milk Center,16.939936,83.694666,0.3,Illustrative,Low
COMP0323,LOC004,Kirana,Laxmi Mart,10.177491,76.857223,1.6,OpenStreetMap,Medium
COMP0324,LOC005,Tailoring,Ideal Fashion Point,32.434164,84.754665,2.7,User-provided,Medium
COMP0325,LOC001,Dairy,Bharat Milk Center,20.492774,86.507023,7.9,OpenStreetMap,High
COMP0326,LOC006,Tailoring,Bharat Tailoring Works,31.717458,83.678829,4.5,OpenStreetMap,High
COMP0327,LOC012,Dairy,City Milk Center,29.945027,82.050806,0.5,OpenStreetMap,Medium
COMP0328,LOC015,Dairy,Maa Doodh Bhandar,30.991638,77.735448,3.4,User-provided,High
COMP0329,LOC008,Dairy,Royal Doodh Bhandar,9.493694,75.089510,6.7,OpenStreetMap,Medium
COMP0330,LOC009,Dairy,Shri Jai Dudh Dairy,22.111956,81.091931,9.5,OpenStreetMap,High
COMP0331,LOC007,Kirana,Jai Kirana Store,27.484845,85.250761,2.4,OpenStreetMap,High
COMP0332,LOC010,Kirana,Gopal Provision Store,17.139941,86.195291,2.5,Illustrative,Low
COMP0333,LOC011,Dairy,Shri Shiv Dudh Dairy,16.189120,88.318206,4.8,OpenStreetMap,High
COMP0334,LOC008,Kirana,Om General Store,13.349227,86.753617,6.7,User-provided,High
COMP0335,LOC013,Tailoring,Sai Fashion Point,22.541708,75.057894,7.2,OpenStreetMap,Medium
COMP0336,LOC003,Kirana,Modern Kirana Store,12.707716,81.913544,9.8,OpenStreetMap,Medium
COMP0337,LOC003,Kirana,Sai Provision Store,15.048516,76.843366,0.3,OpenStreetMap,Medium
COMP0338,LOC008,Kirana,Shree General Store,18.029723,75.945459,6.0,Illustrative,Low
COMP0339,LOC007,Dairy,Om Dairy,22.884623,74.045142,8.0,Illustrative,Low
COMP0340,LOC005,Dairy,Shri Ideal Dudh Dairy,23.883902,73.035609,3.3,OpenStreetMap,High
COMP0341,LOC011,Dairy,Annapurna Dairy,20.120412,82.373651,7.9,OpenStreetMap,High
COMP0342,LOC014,Kirana,Annapurna Kirana Store,23.168284,84.982585,9.8,User-provided,High
COMP0343,LOC015,Kirana,Gramin Kirana Store,21.995757,88.304138,0.6,Illustrative,Low
COMP0344,LOC006,Dairy,Krishna Milk Center,11.838059,84.844856,1.0,OpenStreetMap,Medium
COMP0345,LOC012,Tailoring,Shiv Boutique,32.051567,81.827092,2.4,Illustrative,Low
COMP0346,LOC016,Kirana,Annapurna Provision Store,27.019803,88.144942,4.5,OpenStreetMap,Medium
COMP0347,LOC017,Tailoring,Om Fashion Point,14.495262,81.562674,1.1,OpenStreetMap,High
COMP0348,LOC008,Tailoring,New Tailors,23.453580,74.718892,5.4,OpenStreetMap,High
COMP0349,LOC009,Kirana,Gopal Provision Store,11.998500,75.585639,7.3,OpenStreetMap,High
COMP0350,LOC012,Kirana,Sun General Store,32.074181,80.633317,6.3,OpenStreetMap,Medium
COMP0351,LOC015,Dairy,Laxmi Dairy,24.306679,73.042353,8.0,User-provided,High
COMP0352,LOC002,Dairy,Star Doodh Bhandar,30.259197,78.696398,6.5,OpenStreetMap,High
COMP0353,LOC009,Dairy,Radha Doodh Bhandar,13.976274,75.990323,7.5,OpenStreetMap,Medium
COMP0354,LOC016,Dairy,Bharat Milk Center,29.199986,86.447453,2.7,OpenStreetMap,Medium
COMP0355,LOC010,Dairy,Bharat Dairy,29.417626,76.720806,3.2,Illustrative,Low
COMP0356,LOC007,Tailoring,Gopal Boutique,17.084781,85.043093,8.6,OpenStreetMap,Medium
COMP0357,LOC005,Kirana,Shiv Provision Store,8.988621,74.551469,9.6,OpenStreetMap,High
COMP0358,LOC010,Dairy,Shri Laxmi Dudh Dairy,26.506428,80.092322,4.0,User-provided,High
COMP0359,LOC013,Kirana,Modern Kirana Store,14.054135,85.236148,6.9,OpenStreetMap,High
COMP0360,LOC017,Tailoring,Durga Tailoring Works,10.927327,73.112981,9.8,OpenStreetMap,High
COMP0361,LOC004,Dairy,Om Doodh Bhandar,21.062519,72.840357,2.3,Illustrative,Low
COMP0362,LOC018,Tailoring,Vishal Tailors,16.921102,80.591384,9.1,OpenStreetMap,High
COMP0363,LOC008,Kirana,Durga Provision Store,12.670994,76.954978,0.8,OpenStreetMap,High
COMP0364,LOC017,Dairy,Shri Balaji Dudh Dairy,8.655222,83.603867,6.5,Illustrative,Low
COMP0365,LOC018,Dairy,Gopal Doodh Bhandar,25.698011,79.068745,3.2,User-provided,High
COMP0366,LOC005,Dairy,Star Doodh Bhandar,27.770470,86.900127,6.3,OpenStreetMap,Medium
COMP0367,LOC020,Kirana,Krishna General Store,24.388588,74.162967,6.2,OpenStreetMap,High
COMP0368,LOC013,Tailoring,Shiv Fashion Point,23.973987,81.418487,3.2,Illustrative,Low
COMP0369,LOC016,Kirana,Vishal Mart,16.650829,81.375025,3.8,User-provided,High
COMP0370,LOC003,Dairy,Shri Royal Dudh Dairy,24.296383,85.771316,0.8,Illustrative,Low
COMP0371,LOC020,Kirana,Bharat Provision Store,29.070710,78.260109,5.9,Illustrative,Low
COMP0372,LOC005,Dairy,Shri Vishal Dudh Dairy,13.336679,75.455386,3.7,OpenStreetMap,High
COMP0373,LOC015,Dairy,Gramin Dairy,17.588416,85.864298,8.1,OpenStreetMap,Medium
COMP0374,LOC005,Kirana,Laxmi Mart,17.191060,83.209168,5.2,OpenStreetMap,Medium
COMP0375,LOC003,Dairy,Shri Sun Dudh Dairy,25.149878,79.854239,4.8,OpenStreetMap,High
COMP0376,LOC001,Tailoring,Bharat Fashion Point,20.948719,76.530780,3.7,OpenStreetMap,Medium
COMP0377,LOC009,Dairy,New Milk Center,22.150254,73.706434,1.8,Illustrative,Low
COMP0378,LOC011,Dairy,Shri Sun Dudh Dairy,10.601022,82.787444,8.5,OpenStreetMap,High
COMP0379,LOC014,Kirana,Royal Provision Store,27.223442,87.252163,7.1,User-provided,High
COMP0380,LOC002,Kirana,Star Provision Store,18.786307,82.336801,2.6,OpenStreetMap,Medium
COMP0381,LOC019,Dairy,Durga Milk Center,22.383158,73.794693,2.1,OpenStreetMap,High
COMP0382,LOC015,Dairy,Bharat Doodh Bhandar,30.951488,82.894997,7.9,OpenStreetMap,Medium
COMP0383,LOC015,Kirana,Star Mart,32.377818,75.566831,0.7,User-provided,High
COMP0384,LOC005,Tailoring,Shiv Tailors,14.001217,75.943844,5.4,OpenStreetMap,Medium
COMP0385,LOC013,Kirana,Ganesh Kirana Store,13.719075,74.011048,8.1,OpenStreetMap,Medium
COMP0386,LOC003,Kirana,Modern General Store,19.348090,85.736695,2.1,OpenStreetMap,Medium
COMP0387,LOC002,Tailoring,Modern Tailoring Works,11.779298,79.189110,0.6,OpenStreetMap,Medium
COMP0388,LOC011,Dairy,Sai Dairy,32.227204,77.112278,2.7,OpenStreetMap,Medium
COMP0389,LOC009,Tailoring,Ideal Fashion Point,17.914260,86.707020,6.8,OpenStreetMap,Medium
COMP0390,LOC008,Kirana,Ideal Mart,14.595742,75.971515,0.6,Illustrative,Low
COMP0391,LOC015,Tailoring,Jai Boutique,30.824092,78.165556,4.6,Illustrative,Low
COMP0392,LOC011,Dairy,Star Dairy,31.329132,85.727172,0.4,OpenStreetMap,Medium
COMP0393,LOC010,Dairy,Modern Milk Center,23.118506,79.174274,7.2,OpenStreetMap,High
COMP0394,LOC002,Dairy,Shree Dairy,11.701644,86.614992,8.1,User-provided,Medium
COMP0395,LOC001,Kirana,Bharat General Store,13.721415,84.110789,7.4,OpenStreetMap,High
COMP0396,LOC005,Kirana,Vishal General Store,10.830782,74.295193,7.8,OpenStreetMap,Medium
COMP0397,LOC008,Tailoring,Durga Fashion Point,30.231668,83.568831,1.6,OpenStreetMap,High
COMP0398,LOC002,Dairy,City Doodh Bhandar,26.671863,86.533096,7.9,Illustrative,Low
COMP0399,LOC010,Kirana,Ideal Provision Store,28.675457,75.184796,7.9,OpenStreetMap,Medium
COMP0400,LOC002,Dairy,Annapurna Milk Center,15.414554,83.080814,6.9,OpenStreetMap,Medium
COMP0401,LOC005,Kirana,Gramin Mart,24.761655,74.595653,8.2,OpenStreetMap,High
COMP0402,LOC017,Tailoring,Bharat Fashion Point,16.785560,84.580791,5.0,OpenStreetMap,High
COMP0403,LOC016,Dairy,Shri Royal Dudh Dairy,22.472218,84.673051,2.1,User-provided,High
COMP0404,LOC008,Tailoring,Shree Fashion Point,22.380665,74.380466,0.1,OpenStreetMap,High
COMP0405,LOC010,Dairy,Shri Jai Dudh Dairy,19.235930,76.684123,7.4,OpenStreetMap,High
COMP0406,LOC010,Kirana,Laxmi Mart,26.401720,74.573364,1.7,User-provided,High
COMP0407,LOC002,Dairy,Star Dairy,23.988145,74.871919,5.8,OpenStreetMap,High
COMP0408,LOC012,Kirana,Jai General Store,12.489710,87.582265,3.3,User-provided,High
COMP0409,LOC005,Dairy,Radha Dairy,11.221410,80.589223,5.4,OpenStreetMap,Medium
COMP0410,LOC015,Dairy,Vishal Dairy,14.575072,87.705502,2.9,Illustrative,Low
COMP0411,LOC005,Kirana,Laxmi General Store,8.764184,87.610006,4.9,Illustrative,Low
COMP0412,LOC008,Dairy,Om Milk Center,28.669880,88.471074,4.3,Illustrative,Low
COMP0413,LOC010,Tailoring,Ganesh Tailors,24.399726,76.216693,2.5,Illustrative,Low
COMP0414,LOC008,Dairy,Shri Laxmi Dudh Dairy,9.393465,82.506498,6.9,OpenStreetMap,Medium
COMP0415,LOC003,Kirana,Modern Mart,30.592385,72.969023,9.3,User-provided,High
COMP0416,LOC002,Dairy,Om Milk Center,26.083490,83.457252,1.6,OpenStreetMap,High
COMP0417,LOC007,Dairy,Shiv Milk Center,16.378558,88.122849,9.9,User-provided,Medium
COMP0418,LOC016,Tailoring,Ganesh Fashion Point,26.510214,82.791311,2.1,OpenStreetMap,Medium
COMP0419,LOC014,Dairy,Shri Modern Dudh Dairy,12.309678,87.962270,6.7,User-provided,Medium
COMP0420,LOC009,Kirana,Shree Provision Store,26.353601,85.869569,8.0,Illustrative,Low
COMP0421,LOC014,Dairy,Shri Gopal Dudh Dairy,31.558590,81.147239,9.4,OpenStreetMap,High
COMP0422,LOC009,Kirana,Radha General Store,13.172127,79.989105,2.4,User-provided,Medium
COMP0423,LOC013,Tailoring,Annapurna Tailoring Works,24.856834,87.584812,8.2,User-provided,Medium
COMP0424,LOC008,Tailoring,Shiv Fashion Point,22.736273,85.929868,7.9,OpenStreetMap,Medium
COMP0425,LOC016,Tailoring,Bharat Tailors,18.489639,82.294687,4.6,OpenStreetMap,High
COMP0426,LOC003,Dairy,Royal Doodh Bhandar,9.184911,78.072424,9.8,OpenStreetMap,Medium
COMP0427,LOC014,Tailoring,Laxmi Boutique,13.613367,82.646221,3.8,OpenStreetMap,Medium
COMP0428,LOC009,Dairy,Jai Milk Center,12.434728,78.319332,8.1,User-provided,High
COMP0429,LOC016,Dairy,Sai Milk Center,17.821559,72.942219,8.5,OpenStreetMap,High
COMP0430,LOC015,Tailoring,Gopal Fashion Point,16.890525,74.384243,5.5,Illustrative,Low
COMP0431,LOC005,Kirana,Shiv Provision Store,18.426266,80.874125,3.3,OpenStreetMap,Medium
COMP0432,LOC012,Dairy,Vishal Doodh Bhandar,27.889094,73.737077,6.5,User-provided,High
COMP0433,LOC001,Dairy,Ideal Dairy,17.489885,77.685014,5.1,OpenStreetMap,Medium
COMP0434,LOC002,Kirana,Om Mart,8.570393,87.503986,2.8,OpenStreetMap,High
COMP0435,LOC013,Dairy,Shri Annapurna Dudh Dairy,26.775098,77.371389,5.4,User-provided,High
COMP0436,LOC003,Kirana,Bharat Mart,31.608847,83.942277,6.9,OpenStreetMap,Medium
COMP0437,LOC006,Kirana,Shree Mart,27.527226,78.251750,1.5,Illustrative,Low
COMP0438,LOC006,Dairy,Shiv Milk Center,15.918522,73.639891,3.0,User-provided,High
COMP0439,LOC006,Dairy,Krishna Doodh Bhandar,23.359250,87.370344,4.1,OpenStreetMap,Medium
COMP0440,LOC013,Dairy,Balaji Doodh Bhandar,11.110491,87.335076,6.2,Illustrative,Low
COMP0441,LOC006,Kirana,Shree Provision Store,12.064893,84.686113,4.7,Illustrative,Low
COMP0442,LOC003,Dairy,Shri Durga Dudh Dairy,30.511505,81.110690,2.9,OpenStreetMap,Medium
COMP0443,LOC015,Kirana,Ideal Kirana Store,28.322173,81.693648,3.6,OpenStreetMap,Medium
COMP0444,LOC008,Kirana,Prime Kirana Store,22.926524,85.804545,8.3,OpenStreetMap,Medium
COMP0445,LOC006,Tailoring,Prime Tailors,18.132390,86.013354,7.8,OpenStreetMap,Medium
COMP0446,LOC013,Tailoring,Jai Fashion Point,29.246928,83.980938,1.5,Illustrative,Low
COMP0447,LOC010,Dairy,Shri Shiv Dudh Dairy,9.989393,79.287328,5.0,Illustrative,Low
COMP0448,LOC019,Tailoring,Modern Boutique,25.962985,85.127785,6.8,OpenStreetMap,High
COMP0449,LOC008,Tailoring,Vishal Boutique,11.411096,77.236901,0.4,User-provided,High
COMP0450,LOC005,Tailoring,Royal Tailoring Works,29.999962,83.978729,7.7,Illustrative,Low
COMP0451,LOC020,Dairy,City Milk Center,10.661545,83.413345,9.7,OpenStreetMap,Medium
COMP0452,LOC001,Tailoring,Laxmi Tailors,28.610149,77.904730,0.1,OpenStreetMap,Medium
COMP0453,LOC009,Tailoring,Modern Tailoring Works,21.773371,85.475792,0.5,User-provided,Medium
COMP0454,LOC016,Dairy,Shri Gramin Dudh Dairy,21.189694,76.415557,5.6,OpenStreetMap,Medium
COMP0455,LOC019,Tailoring,Radha Tailors,27.151956,73.245448,5.0,User-provided,High
COMP0456,LOC003,Kirana,Gopal Provision Store,10.557424,74.564344,3.9,Illustrative,Low
COMP0457,LOC008,Tailoring,Jai Tailors,31.568307,77.971976,9.8,OpenStreetMap,Medium
COMP0458,LOC019,Dairy,Shiv Doodh Bhandar,29.617358,82.497574,2.0,Illustrative,Low
COMP0459,LOC004,Tailoring,Prime Fashion Point,13.080411,84.355106,5.2,User-provided,Medium
COMP0460,LOC007,Kirana,Ideal General Store,26.608645,85.956456,3.0,OpenStreetMap,High
COMP0461,LOC003,Dairy,New Doodh Bhandar,28.534653,82.872691,7.4,Illustrative,Low
COMP0462,LOC018,Dairy,Modern Milk Center,23.636700,88.366053,3.1,OpenStreetMap,High
COMP0463,LOC012,Tailoring,Durga Tailors,19.366854,74.403778,1.1,OpenStreetMap,Medium
COMP0464,LOC016,Tailoring,Gramin Tailors,27.553471,80.277005,8.2,OpenStreetMap,High
COMP0465,LOC017,Tailoring,Krishna Tailoring Works,16.926968,83.104385,9.3,OpenStreetMap,Medium
COMP0466,LOC017,Tailoring,Sai Tailoring Works,27.966046,86.009556,1.4,OpenStreetMap,High
COMP0467,LOC007,Kirana,New Mart,8.619899,85.835897,7.8,User-provided,Medium
COMP0468,LOC007,Kirana,Gramin Kirana Store,16.556646,81.585472,4.6,OpenStreetMap,High
COMP0469,LOC008,Dairy,Shri Maa Dudh Dairy,29.622373,74.339531,8.7,OpenStreetMap,Medium
COMP0470,LOC015,Tailoring,Prime Tailoring Works,10.028145,84.174297,0.6,User-provided,Medium
COMP0471,LOC013,Tailoring,Durga Boutique,24.053857,83.664905,4.7,OpenStreetMap,High
COMP0472,LOC016,Tailoring,Durga Tailors,14.150285,88.293442,2.3,User-provided,Medium
COMP0473,LOC002,Dairy,New Milk Center,9.317381,73.564289,2.5,OpenStreetMap,High
COMP0474,LOC018,Tailoring,Balaji Tailoring Works,9.395891,80.146269,4.8,OpenStreetMap,High
COMP0475,LOC006,Dairy,Royal Milk Center,20.742248,74.460992,7.8,User-provided,Medium
COMP0476,LOC003,Kirana,Vishal Kirana Store,21.935134,82.421064,7.9,Illustrative,Low
COMP0477,LOC002,Tailoring,Sun Fashion Point,17.966708,72.919826,7.4,OpenStreetMap,High
COMP0478,LOC017,Kirana,Krishna Mart,11.343902,83.005915,2.1,User-provided,Medium
COMP0479,LOC020,Kirana,Shiv Provision Store,10.666146,84.263721,8.4,OpenStreetMap,High
COMP0480,LOC012,Dairy,Shri Prime Dudh Dairy,15.526841,80.557934,5.7,OpenStreetMap,High
COMP0481,LOC001,Dairy,Laxmi Dairy,24.857332,84.847630,2.2,User-provided,High
COMP0482,LOC014,Kirana,Prime General Store,26.057780,85.305871,9.0,OpenStreetMap,High
COMP0483,LOC005,Kirana,Shree Mart,12.733458,87.601117,4.4,OpenStreetMap,Medium
COMP0484,LOC010,Kirana,Gramin Kirana Store,17.613240,75.345521,1.7,User-provided,High
COMP0485,LOC009,Kirana,Star Kirana Store,21.361922,78.149191,5.4,OpenStreetMap,Medium
COMP0486,LOC001,Kirana,Gramin General Store,27.549838,81.152660,1.1,OpenStreetMap,Medium
COMP0487,LOC011,Dairy,Sun Dairy,12.282845,81.135419,6.5,Illustrative,Low
COMP0488,LOC014,Kirana,Annapurna Kirana Store,13.518165,77.312009,9.0,OpenStreetMap,Medium
COMP0489,LOC014,Kirana,Royal General Store,18.955608,83.583999,6.9,OpenStreetMap,Medium
COMP0490,LOC008,Dairy,Ganesh Dairy,25.056651,76.084688,2.6,Illustrative,Low
COMP0491,LOC003,Tailoring,City Tailoring Works,10.278398,84.254692,5.3,OpenStreetMap,Medium
COMP0492,LOC003,Dairy,Gopal Dairy,20.298002,88.021824,6.8,OpenStreetMap,Medium
COMP0493,LOC006,Kirana,City Provision Store,17.914235,83.739310,1.8,OpenStreetMap,Medium
COMP0494,LOC011,Dairy,New Milk Center,17.750387,85.116623,1.1,OpenStreetMap,Medium
COMP0495,LOC011,Dairy,Krishna Dairy,10.150826,74.204924,7.8,Illustrative,Low
COMP0496,LOC009,Dairy,Bharat Milk Center,10.740166,88.228415,3.9,OpenStreetMap,High
COMP0497,LOC002,Dairy,Balaji Dairy,28.946443,74.842096,9.5,OpenStreetMap,High
COMP0498,LOC005,Dairy,Shri Jai Dudh Dairy,17.226146,81.011878,1.2,OpenStreetMap,High
COMP0499,LOC010,Kirana,Radha Kirana Store,24.031566,86.719968,7.6,OpenStreetMap,High
COMP0500,LOC016,Dairy,Shree Dairy,10.800506,78.725380,3.7,OpenStreetMap,High
COMP0501,LOC016,Tailoring,Laxmi Tailors,19.484873,83.970904,1.0,OpenStreetMap,Medium
COMP0502,LOC016,Kirana,Star General Store,19.010409,74.657474,0.8,OpenStreetMap,Medium
COMP0503,LOC016,Dairy,Shri Ideal Dudh Dairy,9.780687,80.796244,4.8,OpenStreetMap,Medium
COMP0504,LOC004,Dairy,Vishal Doodh Bhandar,9.748874,80.988236,5.1,OpenStreetMap,High
COMP0505,LOC004,Dairy,Shri Sun Dudh Dairy,30.670665,80.036673,7.3,OpenStreetMap,Medium
COMP0506,LOC011,Dairy,Shri Shiv Dudh Dairy,27.416648,73.869889,7.0,User-provided,High
COMP0507,LOC009,Dairy,Annapurna Dairy,24.136614,80.880140,0.3,User-provided,Medium
COMP0508,LOC018,Tailoring,Shiv Tailoring Works,22.978776,83.022839,1.5,OpenStreetMap,High
COMP0509,LOC012,Tailoring,Durga Boutique,13.868042,82.187928,8.9,OpenStreetMap,Medium
COMP0510,LOC007,Kirana,Sun Provision Store,31.908448,85.976467,3.1,OpenStreetMap,High
COMP0511,LOC003,Tailoring,New Boutique,17.074074,80.402094,0.7,OpenStreetMap,Medium
COMP0512,LOC007,Tailoring,Krishna Boutique,28.497463,75.969958,9.9,User-provided,High
COMP0513,LOC008,Kirana,Shree Provision Store,18.208202,78.187681,6.7,OpenStreetMap,Medium
COMP0514,LOC006,Dairy,Om Dairy,23.041666,76.848202,4.6,Illustrative,Low
COMP0515,LOC005,Dairy,Balaji Dairy,31.542031,75.141642,1.4,Illustrative,Low
COMP0516,LOC019,Dairy,Sai Dairy,14.046876,75.429774,5.8,User-provided,High
COMP0517,LOC009,Kirana,Om General Store,31.462071,77.022271,9.3,User-provided,Medium
COMP0518,LOC002,Tailoring,New Tailors,30.185550,73.907394,7.5,OpenStreetMap,High
COMP0519,LOC014,Dairy,City Doodh Bhandar,27.849839,83.058588,5.1,OpenStreetMap,Medium
COMP0520,LOC008,Tailoring,Vishal Fashion Point,31.593242,75.825154,0.8,OpenStreetMap,Medium
COMP0521,LOC006,Kirana,Annapurna Provision Store,14.101011,78.550410,5.2,OpenStreetMap,High
COMP0522,LOC020,Tailoring,Shiv Boutique,16.307504,87.245896,4.5,OpenStreetMap,High
COMP0523,LOC015,Kirana,Star General Store,10.543705,88.044141,5.4,User-provided,Medium
COMP0524,LOC008,Dairy,Shri Maa Dudh Dairy,24.386405,84.840029,1.4,OpenStreetMap,High
COMP0525,LOC009,Dairy,Maa Milk Center,23.245178,82.947976,4.7,User-provided,High
COMP0526,LOC019,Tailoring,Durga Fashion Point,26.677921,77.737568,8.1,OpenStreetMap,High
COMP0527,LOC013,Dairy,Shri Ideal Dudh Dairy,23.874288,82.763012,7.0,OpenStreetMap,Medium
COMP0528,LOC010,Tailoring,Ganesh Boutique,22.887140,86.139558,8.7,Illustrative,Low
COMP0529,LOC007,Kirana,Gopal Mart,21.911849,73.256220,7.9,OpenStreetMap,High
COMP0530,LOC008,Dairy,Sai Milk Center,14.789721,83.964263,9.8,OpenStreetMap,High
COMP0531,LOC004,Dairy,Krishna Dairy,11.981652,78.065104,5.2,OpenStreetMap,Medium
COMP0532,LOC014,Kirana,Gramin Provision Store,9.725027,74.117661,1.7,OpenStreetMap,High
COMP0533,LOC020,Dairy,Shri Om Dudh Dairy,27.480928,84.241712,3.4,User-provided,Medium
COMP0534,LOC007,Tailoring,Prime Tailors,12.109505,83.674330,3.9,OpenStreetMap,High
COMP0535,LOC010,Kirana,Laxmi Mart,9.981865,75.190323,7.9,User-provided,High
COMP0536,LOC008,Tailoring,Modern Tailoring Works,18.894866,73.006428,9.2,OpenStreetMap,High
COMP0537,LOC015,Dairy,Shri Vishal Dudh Dairy,18.605778,81.170488,7.2,OpenStreetMap,High
COMP0538,LOC001,Dairy,Shri Krishna Dudh Dairy,23.819019,83.651968,6.1,OpenStreetMap,High
COMP0539,LOC010,Kirana,Om Provision Store,12.192037,76.353089,7.7,OpenStreetMap,Medium
COMP0540,LOC011,Tailoring,Shree Fashion Point,27.068542,77.753378,3.0,OpenStreetMap,High
COMP0541,LOC005,Dairy,Sun Milk Center,9.128475,77.833105,7.8,Illustrative,Low
COMP0542,LOC016,Tailoring,Laxmi Tailors,24.280821,82.592720,4.4,OpenStreetMap,Medium
COMP0543,LOC017,Dairy,Shri Bharat Dudh Dairy,31.007245,79.368828,7.0,Illustrative,Low
COMP0544,LOC011,Tailoring,Prime Tailors,19.383033,82.797883,2.8,OpenStreetMap,High
COMP0545,LOC003,Tailoring,City Tailors,24.248801,86.183027,6.6,OpenStreetMap,Medium
COMP0546,LOC017,Dairy,Durga Doodh Bhandar,10.666389,87.927310,0.6,OpenStreetMap,High
COMP0547,LOC017,Dairy,Gramin Dairy,12.351981,81.150131,8.3,OpenStreetMap,High
COMP0548,LOC006,Dairy,Durga Doodh Bhandar,16.546579,74.735329,2.5,Illustrative,Low
COMP0549,LOC003,Dairy,Bharat Doodh Bhandar,13.857990,75.703814,8.0,User-provided,High
COMP0550,LOC007,Kirana,Gopal General Store,13.067163,87.844411,1.1,Illustrative,Low
COMP0551,LOC008,Dairy,Durga Doodh Bhandar,11.979410,86.216089,3.2,OpenStreetMap,Medium
COMP0552,LOC007,Tailoring,New Tailors,29.199711,81.825805,0.2,OpenStreetMap,High
COMP0553,LOC002,Kirana,Radha Provision Store,28.848686,85.656899,2.7,OpenStreetMap,Medium
COMP0554,LOC012,Tailoring,Maa Tailoring Works,15.243410,87.601292,0.2,User-provided,Medium
COMP0555,LOC002,Kirana,Prime General Store,12.027880,77.616563,5.0,OpenStreetMap,Medium
COMP0556,LOC014,Kirana,Radha General Store,21.392870,78.081619,8.1,OpenStreetMap,High
COMP0557,LOC011,Kirana,Gopal General Store,29.442697,81.318777,9.0,Illustrative,Low
COMP0558,LOC011,Tailoring,Gopal Tailoring Works,29.363329,76.161784,3.4,OpenStreetMap,High
COMP0559,LOC004,Dairy,New Dairy,13.872989,73.909263,0.8,OpenStreetMap,High
COMP0560,LOC015,Tailoring,Bharat Fashion Point,31.392967,77.665146,6.3,Illustrative,Low
COMP0561,LOC011,Kirana,Gopal Provision Store,29.462085,81.800310,1.1,Illustrative,Low
COMP0562,LOC016,Tailoring,Shiv Tailors,13.872902,76.072207,5.4,OpenStreetMap,High
COMP0563,LOC015,Tailoring,New Tailoring Works,25.691177,79.540276,1.0,Illustrative,Low
COMP0564,LOC017,Kirana,Laxmi Provision Store,13.758102,84.493595,8.0,OpenStreetMap,Medium
COMP0565,LOC014,Dairy,Star Dairy,13.261546,77.537692,3.3,OpenStreetMap,Medium
COMP0566,LOC018,Kirana,Shiv Kirana Store,29.397640,82.296355,3.8,Illustrative,Low
COMP0567,LOC006,Dairy,Modern Dairy,17.117266,87.306528,2.1,OpenStreetMap,High
COMP0568,LOC017,Tailoring,Ideal Boutique,13.542448,75.205359,4.4,OpenStreetMap,Medium
COMP0569,LOC005,Tailoring,Royal Fashion Point,15.051893,79.398253,5.1,User-provided,Medium
COMP0570,LOC003,Kirana,Durga Provision Store,12.386842,85.089746,5.4,OpenStreetMap,High
COMP0571,LOC008,Tailoring,Modern Boutique,25.788960,74.523954,4.6,Illustrative,Low
COMP0572,LOC009,Kirana,Vishal Mart,9.666615,87.622797,4.4,OpenStreetMap,High
COMP0573,LOC018,Tailoring,Gramin Boutique,19.485294,82.827736,9.9,OpenStreetMap,Medium
COMP0574,LOC008,Kirana,Sai General Store,29.349595,78.397787,4.4,OpenStreetMap,High
COMP0575,LOC007,Tailoring,Krishna Boutique,22.612535,74.754099,3.0,User-provided,High
COMP0576,LOC015,Kirana,Bharat Mart,31.170096,80.201409,2.0,Illustrative,Low
COMP0577,LOC017,Dairy,Jai Dairy,25.302304,87.981803,4.1,OpenStreetMap,Medium
COMP0578,LOC011,Dairy,Annapurna Doodh Bhandar,12.071066,86.370152,5.7,OpenStreetMap,High
COMP0579,LOC016,Dairy,Star Doodh Bhandar,23.336058,75.256569,6.5,OpenStreetMap,High
COMP0580,LOC012,Tailoring,Gramin Tailoring Works,22.619600,83.432792,3.4,OpenStreetMap,Medium
COMP0581,LOC006,Dairy,New Milk Center,23.254898,85.462890,4.4,OpenStreetMap,Medium
COMP0582,LOC017,Kirana,Ideal Provision Store,21.220469,87.391389,6.4,User-provided,Medium
COMP0583,LOC011,Dairy,Shri New Dudh Dairy,17.328685,78.887006,3.7,Illustrative,Low
COMP0584,LOC009,Kirana,Bharat Provision Store,12.261399,83.632410,0.3,OpenStreetMap,High
COMP0585,LOC002,Kirana,Om General Store,15.898097,76.242599,4.4,OpenStreetMap,High
COMP0586,LOC005,Tailoring,Prime Tailors,30.694835,79.614332,2.0,User-provided,High
COMP0587,LOC014,Dairy,Royal Milk Center,11.444261,77.536625,0.9,OpenStreetMap,High
COMP0588,LOC002,Dairy,Laxmi Milk Center,19.567091,74.481673,2.0,OpenStreetMap,High
COMP0589,LOC012,Dairy,Gramin Doodh Bhandar,17.820680,76.777016,2.4,OpenStreetMap,High
COMP0590,LOC006,Dairy,Jai Milk Center,23.487381,83.087142,4.5,Illustrative,Low
COMP0591,LOC015,Tailoring,Sun Tailors,18.979724,73.161311,6.3,User-provided,Medium
COMP0592,LOC002,Kirana,Bharat General Store,12.618602,78.818048,6.9,OpenStreetMap,High
COMP0593,LOC012,Tailoring,Modern Boutique,17.570628,83.204294,3.4,User-provided,Medium
COMP0594,LOC011,Kirana,Balaji General Store,32.343626,76.112056,6.6,Illustrative,Low
COMP0595,LOC019,Tailoring,Annapurna Fashion Point,26.657074,76.917949,6.1,OpenStreetMap,Medium
COMP0596,LOC009,Kirana,Bharat Kirana Store,30.818080,84.684094,1.6,OpenStreetMap,Medium
COMP0597,LOC010,Tailoring,Durga Tailoring Works,30.893951,74.170079,7.7,OpenStreetMap,Medium
COMP0598,LOC009,Kirana,Sun Mart,29.670477,85.509466,0.9,User-provided,High
COMP0599,LOC004,Dairy,Shri Krishna Dudh Dairy,9.967434,76.852843,7.8,OpenStreetMap,Medium
COMP0600,LOC019,Tailoring,Sun Fashion Point,23.898017,77.787835,6.8,User-provided,Medium
COMP0601,LOC002,Kirana,Shiv General Store,15.513515,82.250155,8.6,OpenStreetMap,Medium
COMP0602,LOC013,Kirana,Vishal Provision Store,9.201572,80.303217,1.0,OpenStreetMap,High
COMP0603,LOC015,Tailoring,Gopal Tailors,15.413104,85.986229,6.1,OpenStreetMap,High
COMP0604,LOC006,Kirana,Gramin Provision Store,12.358285,87.030422,2.3,OpenStreetMap,Medium
COMP0605,LOC009,Kirana,Sai General Store,30.245124,82.421949,9.6,OpenStreetMap,Medium
COMP0606,LOC018,Tailoring,Krishna Tailoring Works,10.769868,87.145835,8.0,OpenStreetMap,Medium
COMP0607,LOC008,Tailoring,Vishal Tailoring Works,31.584138,87.294741,1.7,OpenStreetMap,Medium
COMP0608,LOC013,Kirana,Bharat General Store,19.716575,87.451627,5.6,OpenStreetMap,Medium
COMP0609,LOC019,Dairy,Shri Laxmi Dudh Dairy,17.261039,87.868509,9.7,OpenStreetMap,Medium
COMP0610,LOC019,Dairy,Shri Maa Dudh Dairy,22.323814,75.597908,7.7,OpenStreetMap,High
COMP0611,LOC015,Dairy,Shri Sun Dudh Dairy,23.570475,81.639450,9.4,OpenStreetMap,Medium
COMP0612,LOC007,Tailoring,Jai Boutique,12.938932,75.789603,3.0,OpenStreetMap,High
COMP0613,LOC014,Dairy,Krishna Dairy,20.809498,83.202528,7.5,OpenStreetMap,High
COMP0614,LOC010,Kirana,Shiv General Store,22.392928,83.281008,2.7,User-provided,Medium
COMP0615,LOC009,Dairy,Vishal Dairy,18.419374,86.969717,5.9,OpenStreetMap,High
COMP0616,LOC019,Dairy,Radha Milk Center,10.849911,87.433532,2.7,Illustrative,Low
COMP0617,LOC013,Tailoring,Ganesh Tailors,22.777128,83.753589,4.3,OpenStreetMap,High
COMP0618,LOC014,Dairy,New Dairy,32.353939,88.399226,6.2,User-provided,Medium
COMP0619,LOC012,Kirana,Jai General Store,30.550621,78.610044,5.4,OpenStreetMap,High
COMP0620,LOC005,Dairy,Sai Dairy,15.853762,81.703608,1.0,User-provided,High
COMP0621,LOC015,Tailoring,Gopal Tailors,9.800053,79.435806,2.4,OpenStreetMap,High
COMP0622,LOC012,Dairy,Bharat Dairy,22.594315,79.540878,4.8,OpenStreetMap,High
COMP0623,LOC002,Tailoring,Shree Boutique,22.957260,75.640362,0.8,OpenStreetMap,Medium
COMP0624,LOC003,Dairy,Star Dairy,26.583510,73.964757,7.7,User-provided,Medium
COMP0625,LOC005,Dairy,Gramin Doodh Bhandar,30.849507,74.466768,5.1,OpenStreetMap,High
COMP0626,LOC016,Dairy,Annapurna Milk Center,27.443396,77.273066,0.5,OpenStreetMap,High
COMP0627,LOC017,Kirana,Vishal General Store,18.146741,76.394106,2.2,OpenStreetMap,Medium
COMP0628,LOC003,Dairy,New Doodh Bhandar,25.309244,83.191251,1.1,User-provided,Medium
COMP0629,LOC018,Tailoring,Gramin Fashion Point,14.380845,83.184445,3.3,OpenStreetMap,Medium
COMP0630,LOC014,Tailoring,Ganesh Tailoring Works,12.153125,73.906165,5.4,OpenStreetMap,High
COMP0631,LOC013,Tailoring,Balaji Tailoring Works,13.075852,83.316246,5.0,User-provided,High
COMP0632,LOC003,Kirana,Om Mart,11.805295,80.393715,1.3,OpenStreetMap,High
COMP0633,LOC019,Kirana,Durga Kirana Store,27.448960,73.975971,8.0,OpenStreetMap,High
COMP0634,LOC008,Tailoring,Jai Fashion Point,12.510193,85.829154,4.1,OpenStreetMap,High
COMP0635,LOC015,Tailoring,Om Tailors,10.604311,84.199933,8.6,OpenStreetMap,Medium
COMP0636,LOC004,Dairy,Ganesh Doodh Bhandar,24.583132,72.856874,0.5,OpenStreetMap,High
COMP0637,LOC010,Kirana,Gopal Provision Store,27.344031,86.382233,5.9,Illustrative,Low
COMP0638,LOC010,Tailoring,Gopal Tailoring Works,16.531078,78.667095,5.1,Illustrative,Low
COMP0639,LOC020,Dairy,Vishal Milk Center,8.939386,79.546855,6.0,OpenStreetMap,Medium
COMP0640,LOC009,Dairy,Prime Doodh Bhandar,17.437456,80.278710,7.0,Illustrative,Low
COMP0641,LOC018,Dairy,Durga Doodh Bhandar,9.167382,76.831725,3.2,OpenStreetMap,Medium
COMP0642,LOC012,Kirana,Jai Mart,10.477357,78.457936,6.5,OpenStreetMap,Medium
COMP0643,LOC009,Tailoring,Balaji Tailors,21.616747,78.165715,4.1,User-provided,High
COMP0644,LOC008,Dairy,Laxmi Doodh Bhandar,25.743537,84.371458,1.9,OpenStreetMap,Medium
COMP0645,LOC007,Dairy,Shree Doodh Bhandar,25.560634,86.857443,8.4,User-provided,High
COMP0646,LOC014,Dairy,Annapurna Milk Center,12.819169,75.277430,2.9,OpenStreetMap,Medium
COMP0647,LOC002,Kirana,Star Kirana Store,18.619211,75.191708,7.8,Illustrative,Low
COMP0648,LOC004,Kirana,Vishal Mart,17.979233,82.145811,2.6,OpenStreetMap,Medium
COMP0649,LOC013,Dairy,Gopal Dairy,17.359566,84.751589,3.4,OpenStreetMap,High
COMP0650,LOC007,Dairy,City Milk Center,10.769670,83.917863,8.4,OpenStreetMap,High
COMP0651,LOC016,Tailoring,Laxmi Fashion Point,9.277148,77.907753,6.4,Illustrative,Low
COMP0652,LOC017,Tailoring,Krishna Boutique,19.016247,88.392847,9.1,OpenStreetMap,High
COMP0653,LOC004,Dairy,Radha Doodh Bhandar,24.158503,79.431375,3.4,OpenStreetMap,Medium
COMP0654,LOC002,Tailoring,Balaji Fashion Point,19.712185,84.010110,4.7,OpenStreetMap,High
COMP0655,LOC013,Tailoring,Prime Boutique,22.840574,80.171319,9.5,OpenStreetMap,High
COMP0656,LOC009,Kirana,Ganesh Mart,15.887108,86.477603,6.9,OpenStreetMap,High
COMP0657,LOC003,Dairy,Star Dairy,18.289235,79.952321,9.1,OpenStreetMap,Medium
COMP0658,LOC006,Dairy,Laxmi Doodh Bhandar,17.360692,86.320773,2.2,User-provided,High
COMP0659,LOC011,Tailoring,City Fashion Point,26.751343,82.504769,7.1,OpenStreetMap,Medium
COMP0660,LOC018,Tailoring,Gramin Boutique,24.643284,74.588804,1.7,OpenStreetMap,Medium
COMP0661,LOC008,Tailoring,Shiv Boutique,13.164690,81.145020,3.6,OpenStreetMap,High
COMP0662,LOC006,Kirana,Sai Mart,28.449064,78.686612,7.3,OpenStreetMap,Medium
COMP0663,LOC008,Kirana,Shiv Provision Store,18.075860,73.462179,5.4,OpenStreetMap,High
COMP0664,LOC003,Tailoring,Balaji Boutique,27.951376,80.677670,7.0,OpenStreetMap,Medium
COMP0665,LOC010,Tailoring,Durga Boutique,20.049444,82.480436,1.4,OpenStreetMap,Medium
COMP0666,LOC007,Tailoring,Shiv Boutique,19.064791,85.833364,5.7,OpenStreetMap,Medium
COMP0667,LOC015,Tailoring,Shree Boutique,24.133042,74.471972,6.1,OpenStreetMap,High
COMP0668,LOC009,Kirana,Sai Kirana Store,30.227648,87.707654,0.3,Illustrative,Low
COMP0669,LOC015,Dairy,Ideal Doodh Bhandar,14.151602,75.664821,3.2,OpenStreetMap,High
COMP0670,LOC005,Dairy,Ganesh Dairy,8.941486,84.096557,0.6,OpenStreetMap,Medium
COMP0671,LOC010,Kirana,Krishna Kirana Store,32.254339,79.710961,7.9,OpenStreetMap,High
COMP0672,LOC002,Kirana,City General Store,10.604840,87.323556,5.5,Illustrative,Low
COMP0673,LOC013,Tailoring,Maa Tailoring Works,27.344202,79.958177,2.0,OpenStreetMap,Medium
COMP0674,LOC009,Kirana,Om General Store,25.150262,79.018661,2.3,OpenStreetMap,Medium
COMP0675,LOC012,Tailoring,Vishal Fashion Point,20.081696,82.599771,7.6,OpenStreetMap,Medium
COMP0676,LOC007,Dairy,Gopal Doodh Bhandar,30.385771,87.453915,1.6,OpenStreetMap,Medium
COMP0677,LOC006,Tailoring,Krishna Boutique,24.153843,76.705149,5.7,OpenStreetMap,Medium
COMP0678,LOC009,Dairy,Bharat Dairy,15.193796,82.114302,8.3,OpenStreetMap,Medium
COMP0679,LOC001,Kirana,Balaji Provision Store,27.514240,74.964134,5.5,Illustrative,Low
COMP0680,LOC006,Dairy,Shiv Dairy,18.892116,80.133008,8.3,User-provided,Medium
COMP0681,LOC004,Dairy,Vishal Milk Center,30.014522,77.788786,6.4,User-provided,High
COMP0682,LOC009,Dairy,Gopal Milk Center,22.317276,75.782285,4.8,Illustrative,Low
COMP0683,LOC015,Tailoring,Laxmi Tailoring Works,8.802999,87.400236,2.1,OpenStreetMap,High
COMP0684,LOC018,Tailoring,Annapurna Fashion Point,25.918964,76.383707,5.7,OpenStreetMap,Medium
COMP0685,LOC004,Tailoring,Annapurna Tailors,12.198782,77.620042,2.6,OpenStreetMap,High
COMP0686,LOC019,Kirana,Krishna Kirana Store,14.386700,74.119810,2.6,OpenStreetMap,Medium
COMP0687,LOC016,Dairy,City Dairy,30.521937,76.303867,2.5,User-provided,Medium
COMP0688,LOC008,Kirana,Gramin Kirana Store,26.467379,79.900263,4.9,OpenStreetMap,High
COMP0689,LOC007,Dairy,Shri Prime Dudh Dairy,17.755998,83.026625,5.3,OpenStreetMap,Medium
COMP0690,LOC014,Dairy,Shiv Doodh Bhandar,18.933787,84.866919,8.2,User-provided,High
COMP0691,LOC006,Kirana,Krishna Mart,24.328051,81.587424,4.6,Illustrative,Low
COMP0692,LOC018,Tailoring,Ganesh Tailors,24.908354,86.917364,4.3,OpenStreetMap,High
COMP0693,LOC009,Tailoring,Krishna Boutique,19.726713,74.856234,3.0,OpenStreetMap,High
COMP0694,LOC013,Tailoring,New Fashion Point,17.604842,84.106689,5.2,OpenStreetMap,Medium
COMP0695,LOC003,Dairy,City Dairy,9.437728,77.436309,7.9,OpenStreetMap,High
COMP0696,LOC003,Kirana,City Kirana Store,9.006273,84.167503,3.7,OpenStreetMap,Medium
COMP0697,LOC017,Kirana,Laxmi Kirana Store,20.998878,77.511719,9.6,User-provided,Medium
COMP0698,LOC014,Kirana,Krishna Mart,16.154695,82.946176,8.3,User-provided,High
COMP0699,LOC004,Tailoring,Balaji Tailoring Works,29.461912,75.987550,4.4,Illustrative,Low
COMP0700,LOC012,Dairy,Star Milk Center,11.983116,77.082940,8.3,OpenStreetMap,High
COMP0701,LOC014,Dairy,Shiv Doodh Bhandar,30.466490,77.553678,5.8,OpenStreetMap,High
COMP0702,LOC004,Tailoring,Maa Tailors,17.174822,85.335789,1.0,OpenStreetMap,High
COMP0703,LOC017,Dairy,Ganesh Dairy,21.721459,82.288593,0.8,OpenStreetMap,Medium
COMP0704,LOC015,Dairy,Gramin Milk Center,28.634025,73.536473,7.4,OpenStreetMap,Medium
COMP0705,LOC010,Tailoring,Laxmi Tailors,18.712036,81.782645,2.2,OpenStreetMap,Medium
COMP0706,LOC010,Dairy,New Doodh Bhandar,15.187469,81.995148,3.0,OpenStreetMap,High
COMP0707,LOC004,Kirana,Gramin Mart,13.915861,74.604481,5.1,Illustrative,Low
COMP0708,LOC010,Dairy,Vishal Doodh Bhandar,14.998810,88.202552,8.8,User-provided,High
COMP0709,LOC009,Kirana,Om General Store,32.440107,82.968520,8.0,Illustrative,Low
COMP0710,LOC003,Dairy,Jai Milk Center,14.644624,82.474491,2.0,User-provided,Medium
COMP0711,LOC004,Dairy,Sai Dairy,19.862931,82.996417,6.8,OpenStreetMap,High
COMP0712,LOC013,Dairy,Krishna Doodh Bhandar,17.427935,83.730089,7.4,OpenStreetMap,Medium
COMP0713,LOC019,Dairy,Krishna Doodh Bhandar,17.811602,75.011602,5.1,OpenStreetMap,Medium
COMP0714,LOC002,Kirana,Shiv General Store,26.299633,84.025060,9.3,OpenStreetMap,Medium
COMP0715,LOC015,Tailoring,Royal Fashion Point,17.279665,85.342516,8.4,Illustrative,Low
COMP0716,LOC006,Dairy,Bharat Milk Center,16.511199,74.408844,1.6,Illustrative,Low
COMP0717,LOC011,Kirana,City Provision Store,10.379569,76.033419,9.1,User-provided,Medium
COMP0718,LOC013,Tailoring,Annapurna Tailoring Works,17.441414,72.806706,9.5,OpenStreetMap,Medium
COMP0719,LOC009,Dairy,Sun Dairy,25.505581,81.937420,5.0,OpenStreetMap,Medium
COMP0720,LOC010,Dairy,Jai Dairy,22.230971,73.300140,8.4,Illustrative,Low
COMP0721,LOC019,Kirana,Ideal Mart,11.929940,79.057878,8.9,User-provided,High
COMP0722,LOC012,Dairy,Ganesh Milk Center,25.470045,81.797915,7.7,OpenStreetMap,Medium
COMP0723,LOC007,Kirana,Shree Provision Store,30.761024,78.626337,1.1,OpenStreetMap,Medium
COMP0724,LOC009,Tailoring,Prime Tailoring Works,21.024585,79.856764,4.7,Illustrative,Low
COMP0725,LOC004,Tailoring,Laxmi Boutique,14.382291,83.533868,8.8,OpenStreetMap,High
COMP0726,LOC005,Dairy,Shri Krishna Dudh Dairy,31.280951,88.448329,4.5,OpenStreetMap,High
COMP0727,LOC002,Dairy,Ganesh Dairy,19.306428,73.079964,4.8,User-provided,Medium
COMP0728,LOC014,Dairy,Prime Milk Center,9.606787,79.250773,3.4,User-provided,High
COMP0729,LOC013,Dairy,Gramin Dairy,9.298845,85.169811,4.3,OpenStreetMap,Medium
COMP0730,LOC001,Dairy,Star Dairy,29.094493,80.491150,4.9,OpenStreetMap,High
COMP0731,LOC019,Dairy,Shri New Dudh Dairy,31.504016,82.660659,4.1,OpenStreetMap,Medium
COMP0732,LOC018,Tailoring,Bharat Tailors,10.760786,83.139929,5.0,User-provided,Medium
COMP0733,LOC004,Kirana,Prime Mart,32.177288,84.708486,0.5,User-provided,High
COMP0734,LOC001,Kirana,Jai General Store,22.304960,78.748534,3.0,Illustrative,Low
COMP0735,LOC011,Dairy,Modern Milk Center,18.028254,86.727225,7.9,OpenStreetMap,Medium
COMP0736,LOC015,Kirana,Royal General Store,26.081418,77.572052,8.9,OpenStreetMap,Medium
COMP0737,LOC001,Dairy,Prime Dairy,27.445947,73.284946,6.5,OpenStreetMap,High
COMP0738,LOC013,Kirana,Royal Provision Store,22.539684,87.784857,7.7,OpenStreetMap,High
COMP0739,LOC015,Tailoring,Jai Tailoring Works,12.100425,79.838394,8.4,OpenStreetMap,Medium
COMP0740,LOC001,Tailoring,Shree Tailoring Works,30.966608,75.361790,8.3,User-provided,Medium
COMP0741,LOC011,Dairy,Maa Milk Center,11.624463,77.566584,7.0,Illustrative,Low
COMP0742,LOC015,Tailoring,Bharat Boutique,28.172878,85.686265,2.2,OpenStreetMap,Medium
COMP0743,LOC008,Kirana,Balaji Kirana Store,10.751889,84.833074,7.7,Illustrative,Low
COMP0744,LOC005,Kirana,Durga Provision Store,24.872273,83.544535,8.4,Illustrative,Low
COMP0745,LOC009,Kirana,Om General Store,23.213138,78.640364,1.6,OpenStreetMap,High
COMP0746,LOC007,Kirana,City Kirana Store,16.185205,84.429685,9.1,User-provided,Medium
COMP0747,LOC015,Dairy,Shri Maa Dudh Dairy,29.604676,75.341280,0.8,OpenStreetMap,High
COMP0748,LOC013,Dairy,Sun Milk Center,24.392633,86.515170,4.1,User-provided,Medium
COMP0749,LOC001,Dairy,Radha Milk Center,22.564014,79.639341,3.5,User-provided,High
COMP0750,LOC005,Kirana,City Kirana Store,18.488077,77.384021,1.2,User-provided,High
COMP0751,LOC015,Dairy,City Doodh Bhandar,17.554332,87.269329,9.3,User-provided,Medium
COMP0752,LOC019,Tailoring,Balaji Tailoring Works,20.317574,79.002437,2.4,OpenStreetMap,Medium
COMP0753,LOC007,Kirana,Maa Mart,28.543446,87.939127,3.5,OpenStreetMap,High
COMP0754,LOC013,Tailoring,Star Fashion Point,20.810591,77.317953,4.5,User-provided,High
COMP0755,LOC019,Tailoring,Sai Boutique,30.598213,82.852295,8.7,User-provided,Medium
COMP0756,LOC009,Kirana,Jai Mart,29.517937,86.521640,4.3,OpenStreetMap,Medium
COMP0757,LOC014,Kirana,Ganesh Kirana Store,23.750251,88.379088,3.1,OpenStreetMap,Medium
COMP0758,LOC012,Tailoring,Annapurna Tailoring Works,18.843247,78.909606,2.3,OpenStreetMap,High
COMP0759,LOC019,Kirana,Shiv Mart,16.859259,79.364233,1.8,Illustrative,Low
COMP0760,LOC011,Dairy,Shri Bharat Dudh Dairy,26.025052,73.383552,5.0,Illustrative,Low
COMP0761,LOC002,Kirana,Jai Kirana Store,15.582451,74.035332,2.2,User-provided,High
COMP0762,LOC015,Kirana,Ideal Mart,10.250106,84.291818,1.8,OpenStreetMap,High
COMP0763,LOC013,Dairy,Shri Jai Dudh Dairy,10.013099,81.487215,6.5,OpenStreetMap,High
COMP0764,LOC002,Dairy,Shri Shree Dudh Dairy,29.155527,79.127420,7.2,OpenStreetMap,Medium
COMP0765,LOC008,Dairy,Sai Doodh Bhandar,12.239599,84.772939,9.4,OpenStreetMap,High
COMP0766,LOC020,Kirana,Prime Mart,21.939336,75.793072,9.6,OpenStreetMap,High
COMP0767,LOC004,Tailoring,Radha Tailoring Works,23.328809,77.807147,0.2,User-provided,High
COMP0768,LOC010,Tailoring,City Boutique,13.423397,82.747485,5.6,User-provided,High
COMP0769,LOC013,Dairy,Modern Dairy,29.542794,73.267609,5.4,User-provided,High
COMP0770,LOC016,Dairy,Bharat Milk Center,32.081830,80.172100,8.8,OpenStreetMap,Medium
COMP0771,LOC001,Tailoring,Shiv Fashion Point,24.987786,74.949859,7.5,Illustrative,Low
COMP0772,LOC010,Tailoring,Gopal Boutique,30.279078,88.309873,4.0,OpenStreetMap,High
COMP0773,LOC010,Dairy,Modern Milk Center,11.936719,79.298743,2.9,OpenStreetMap,High
COMP0774,LOC004,Dairy,Balaji Doodh Bhandar,23.881866,79.943590,8.8,Illustrative,Low
COMP0775,LOC009,Tailoring,Radha Tailors,16.355572,77.840107,2.0,User-provided,High
COMP0776,LOC011,Dairy,Shri City Dudh Dairy,8.726654,86.925107,2.8,OpenStreetMap,Medium
COMP0777,LOC004,Tailoring,Laxmi Fashion Point,20.646639,79.507241,0.9,User-provided,High
COMP0778,LOC010,Dairy,Gramin Dairy,18.539739,82.581462,2.7,OpenStreetMap,Medium
COMP0779,LOC016,Dairy,Radha Milk Center,29.741674,82.350817,1.1,OpenStreetMap,High
COMP0780,LOC002,Dairy,Om Milk Center,21.308104,85.896941,3.5,User-provided,High
COMP0781,LOC002,Dairy,Star Milk Center,20.876518,80.276001,0.5,OpenStreetMap,High
COMP0782,LOC003,Dairy,Bharat Dairy,11.988767,81.093458,1.8,OpenStreetMap,High
COMP0783,LOC013,Dairy,Modern Milk Center,26.834206,80.182636,9.2,OpenStreetMap,Medium
COMP0784,LOC007,Kirana,New Provision Store,31.688576,86.788897,2.1,Illustrative,Low
COMP0785,LOC015,Kirana,Royal General Store,26.826349,78.091158,1.6,OpenStreetMap,Medium
COMP0786,LOC012,Tailoring,Laxmi Tailoring Works,26.493037,73.480693,9.2,User-provided,High
COMP0787,LOC016,Dairy,Shri City Dudh Dairy,28.041761,85.842822,1.9,OpenStreetMap,High
COMP0788,LOC007,Kirana,Krishna Mart,31.880507,87.664012,9.5,OpenStreetMap,High
COMP0789,LOC020,Dairy,Sun Doodh Bhandar,31.081956,83.172352,2.6,OpenStreetMap,Medium
COMP0790,LOC019,Dairy,Balaji Dairy,11.694053,88.418656,7.3,OpenStreetMap,High
COMP0791,LOC005,Dairy,Shri Om Dudh Dairy,20.130000,78.481201,8.9,User-provided,High
COMP0792,LOC002,Tailoring,Bharat Tailors,31.384606,86.006942,7.3,OpenStreetMap,Medium
COMP0793,LOC005,Tailoring,Sai Tailoring Works,11.899352,80.842126,8.0,OpenStreetMap,Medium
COMP0794,LOC009,Dairy,Laxmi Milk Center,19.480529,82.965444,5.7,Illustrative,Low
COMP0795,LOC017,Dairy,Ganesh Dairy,16.316641,77.716809,1.3,User-provided,Medium
COMP0796,LOC002,Dairy,Bharat Doodh Bhandar,29.354979,83.104215,8.7,OpenStreetMap,Medium
COMP0797,LOC010,Kirana,Om General Store,21.771732,82.146742,7.7,OpenStreetMap,High
COMP0798,LOC012,Tailoring,Gramin Boutique,31.968048,74.657547,2.2,OpenStreetMap,High
COMP0799,LOC011,Tailoring,Shiv Boutique,24.023567,83.099186,5.9,User-provided,High
COMP0800,LOC019,Dairy,Shri Star Dudh Dairy,23.541475,73.850963,2.5,Illustrative,Low
COMP0801,LOC017,Dairy,Balaji Doodh Bhandar,17.351512,88.058635,1.0,OpenStreetMap,Medium
COMP0802,LOC004,Dairy,Sai Doodh Bhandar,22.662660,78.561884,2.4,OpenStreetMap,High
COMP0803,LOC002,Kirana,Sun Provision Store,24.633016,87.083830,9.0,OpenStreetMap,High
COMP0804,LOC015,Dairy,Sun Doodh Bhandar,17.737656,76.466410,7.9,OpenStreetMap,High
COMP0805,LOC012,Tailoring,Om Tailoring Works,31.731573,79.466634,2.2,User-provided,High
COMP0806,LOC020,Dairy,Star Dairy,18.255068,80.702886,7.1,OpenStreetMap,High
COMP0807,LOC015,Dairy,Shri Ganesh Dudh Dairy,18.994335,85.570013,1.9,Illustrative,Low
COMP0808,LOC003,Dairy,Laxmi Dairy,14.435258,87.497883,1.8,Illustrative,Low
COMP0809,LOC002,Tailoring,Ideal Fashion Point,13.347173,86.359653,5.4,OpenStreetMap,Medium
COMP0810,LOC009,Kirana,Sun Provision Store,27.253453,75.249619,2.7,User-provided,Medium
COMP0811,LOC020,Dairy,Sun Milk Center,11.573859,76.155044,3.4,User-provided,High
COMP0812,LOC013,Kirana,Om Mart,27.058625,86.979980,4.3,OpenStreetMap,High
COMP0813,LOC017,Dairy,Maa Milk Center,32.041394,85.766897,1.4,OpenStreetMap,Medium
COMP0814,LOC017,Tailoring,Om Boutique,12.667677,78.079207,6.8,Illustrative,Low
COMP0815,LOC001,Tailoring,Sai Tailoring Works,10.061567,76.880251,2.2,OpenStreetMap,Medium
COMP0816,LOC011,Tailoring,Balaji Fashion Point,27.372751,83.431285,6.9,OpenStreetMap,High
COMP0817,LOC019,Dairy,Modern Milk Center,14.619801,81.094511,8.2,Illustrative,Low
COMP0818,LOC007,Dairy,Shri Sun Dudh Dairy,9.508094,88.215925,2.6,OpenStreetMap,Medium
COMP0819,LOC012,Kirana,Durga Provision Store,10.828683,75.922261,8.0,Illustrative,Low
COMP0820,LOC010,Dairy,Radha Dairy,32.133271,73.481261,6.1,OpenStreetMap,High
COMP0821,LOC014,Dairy,Shri Radha Dudh Dairy,23.471233,86.389546,9.5,Illustrative,Low
COMP0822,LOC006,Tailoring,Ideal Tailors,12.595781,76.595719,5.1,User-provided,Medium
COMP0823,LOC018,Kirana,Modern Mart,19.686517,73.458548,8.2,OpenStreetMap,Medium
COMP0824,LOC005,Dairy,Sai Dairy,11.504667,77.421371,8.4,OpenStreetMap,High
COMP0825,LOC014,Tailoring,Gramin Fashion Point,12.633475,79.850489,4.5,OpenStreetMap,High
COMP0826,LOC010,Dairy,Shri Ideal Dudh Dairy,14.186961,78.606257,7.8,Illustrative,Low
COMP0827,LOC020,Kirana,Prime Kirana Store,26.505757,81.498773,6.3,OpenStreetMap,Medium
COMP0828,LOC020,Dairy,Shri Gramin Dudh Dairy,29.223533,73.096779,1.1,OpenStreetMap,Medium
COMP0829,LOC009,Dairy,Gopal Milk Center,26.754158,83.683056,3.7,OpenStreetMap,High
COMP0830,LOC015,Tailoring,Gramin Tailors,15.728476,83.931288,1.1,OpenStreetMap,High
COMP0831,LOC012,Kirana,Shiv Mart,29.161435,84.733322,5.5,OpenStreetMap,Medium
COMP0832,LOC009,Dairy,City Dairy,23.544734,83.692574,6.5,User-provided,Medium
COMP0833,LOC002,Kirana,Ideal Provision Store,30.498904,75.635293,9.1,Illustrative,Low
COMP0834,LOC005,Kirana,Shiv Kirana Store,11.744137,83.358463,6.4,OpenStreetMap,High
COMP0835,LOC002,Dairy,Prime Milk Center,27.171550,75.196770,5.3,OpenStreetMap,High
COMP0836,LOC017,Kirana,Bharat Mart,27.894191,72.873366,8.3,OpenStreetMap,Medium
COMP0837,LOC010,Tailoring,Shree Tailoring Works,17.168796,86.640573,6.8,User-provided,Medium
COMP0838,LOC019,Tailoring,Annapurna Fashion Point,8.573828,86.886938,7.1,User-provided,Medium
COMP0839,LOC001,Dairy,Jai Doodh Bhandar,22.061755,73.231848,4.9,OpenStreetMap,Medium
COMP0840,LOC003,Dairy,Gramin Doodh Bhandar,14.008369,83.081914,6.4,User-provided,High
COMP0841,LOC019,Dairy,Shri Bharat Dudh Dairy,31.909244,87.811472,7.2,User-provided,Medium
COMP0842,LOC014,Dairy,Shri Durga Dudh Dairy,11.440426,79.433686,9.8,OpenStreetMap,High
COMP0843,LOC008,Dairy,Shri New Dudh Dairy,18.071631,77.296800,0.2,User-provided,High
COMP0844,LOC018,Dairy,Shri Prime Dudh Dairy,26.109106,83.620147,7.1,User-provided,High
COMP0845,LOC015,Kirana,Shree Mart,10.750570,87.672452,3.3,Illustrative,Low
COMP0846,LOC016,Kirana,Balaji General Store,17.298148,82.395240,6.0,OpenStreetMap,High
COMP0847,LOC019,Dairy,Shri Maa Dudh Dairy,22.803870,74.563465,8.4,OpenStreetMap,Medium
COMP0848,LOC011,Kirana,Sai General Store,27.456527,73.163202,8.4,OpenStreetMap,Medium
COMP0849,LOC018,Kirana,Radha Provision Store,30.972291,74.431010,3.8,User-provided,High
COMP0850,LOC011,Dairy,Ganesh Dairy,31.203309,76.941491,5.6,OpenStreetMap,High
COMP0851,LOC019,Tailoring,Modern Tailoring Works,14.587336,85.689351,0.3,User-provided,Medium
COMP0852,LOC010,Dairy,Shri Shree Dudh Dairy,22.421338,76.514957,7.0,User-provided,Medium
COMP0853,LOC020,Kirana,Ideal Kirana Store,25.186510,78.269596,1.5,OpenStreetMap,Medium
COMP0854,LOC015,Kirana,Durga General Store,21.233908,77.116164,5.2,User-provided,High
COMP0855,LOC014,Tailoring,Ganesh Boutique,29.099592,73.186324,5.4,Illustrative,Low
COMP0856,LOC005,Kirana,Gramin Mart,12.860098,79.261810,5.9,User-provided,Medium
COMP0857,LOC001,Tailoring,Om Boutique,14.556625,85.478361,8.5,OpenStreetMap,High
COMP0858,LOC001,Tailoring,Gramin Fashion Point,8.846448,79.574533,2.4,Illustrative,Low
COMP0859,LOC015,Dairy,Annapurna Dairy,25.138077,74.490263,2.3,User-provided,Medium
COMP0860,LOC011,Tailoring,Sai Tailoring Works,27.564889,80.194496,1.6,User-provided,High
COMP0861,LOC006,Tailoring,Sun Tailors,21.922883,80.556410,0.8,OpenStreetMap,Medium
COMP0862,LOC005,Dairy,Bharat Doodh Bhandar,31.937496,78.725844,1.4,User-provided,High
COMP0863,LOC006,Kirana,Ideal Provision Store,10.695248,82.219329,8.9,OpenStreetMap,Medium
COMP0864,LOC012,Dairy,Radha Milk Center,19.142373,85.633700,8.5,Illustrative,Low
COMP0865,LOC014,Tailoring,Krishna Boutique,13.889557,85.897132,3.3,OpenStreetMap,Medium
COMP0866,LOC004,Tailoring,Annapurna Tailoring Works,31.719304,86.607723,4.7,User-provided,Medium
COMP0867,LOC019,Dairy,Krishna Doodh Bhandar,9.051469,81.057907,6.3,OpenStreetMap,Medium
COMP0868,LOC014,Dairy,Jai Milk Center,24.051588,75.825384,9.2,OpenStreetMap,High
COMP0869,LOC008,Kirana,Shree Kirana Store,24.451246,73.015734,7.0,OpenStreetMap,High
COMP0870,LOC013,Kirana,Gopal Mart,18.965444,88.351103,9.1,Illustrative,Low
COMP0871,LOC005,Tailoring,Shiv Boutique,25.612873,80.091204,5.7,Illustrative,Low
COMP0872,LOC001,Dairy,Shri New Dudh Dairy,10.029416,88.155521,8.9,OpenStreetMap,Medium
COMP0873,LOC004,Kirana,Ganesh Mart,27.480938,74.697027,0.2,OpenStreetMap,High
COMP0874,LOC013,Kirana,Shiv Kirana Store,16.231118,72.829868,9.7,User-provided,Medium
COMP0875,LOC017,Kirana,Ganesh Kirana Store,12.646572,76.455435,1.8,OpenStreetMap,Medium
COMP0876,LOC002,Dairy,Vishal Milk Center,32.438383,80.589170,7.0,Illustrative,Low
COMP0877,LOC007,Dairy,Krishna Doodh Bhandar,26.340427,83.831519,8.8,OpenStreetMap,High
COMP0878,LOC011,Kirana,Star General Store,30.863520,78.842766,1.0,OpenStreetMap,Medium
COMP0879,LOC018,Dairy,Durga Dairy,10.509936,83.692782,0.4,OpenStreetMap,High
COMP0880,LOC020,Tailoring,Maa Tailoring Works,14.161992,78.223158,6.4,OpenStreetMap,Medium
COMP0881,LOC006,Tailoring,Shree Tailoring Works,29.032966,76.221797,2.3,OpenStreetMap,Medium
COMP0882,LOC001,Kirana,Ganesh General Store,11.096216,76.289810,6.5,OpenStreetMap,High
COMP0883,LOC006,Tailoring,Ideal Tailors,14.639924,78.800219,2.1,OpenStreetMap,Medium
COMP0884,LOC008,Kirana,Star General Store,14.743917,77.930124,1.5,Illustrative,Low
COMP0885,LOC020,Tailoring,Annapurna Tailors,14.021981,86.939070,4.6,OpenStreetMap,Medium
COMP0886,LOC005,Dairy,Ideal Doodh Bhandar,32.220408,72.881745,1.9,Illustrative,Low
COMP0887,LOC020,Tailoring,Vishal Tailoring Works,10.058748,73.053482,8.3,OpenStreetMap,High
COMP0888,LOC004,Dairy,Shri Laxmi Dudh Dairy,13.227369,86.301563,8.1,User-provided,High
COMP0889,LOC007,Dairy,Shiv Dairy,18.435586,76.773456,4.1,User-provided,Medium
COMP0890,LOC006,Dairy,Shri Om Dudh Dairy,23.829895,82.803306,5.2,OpenStreetMap,Medium
COMP0891,LOC018,Kirana,Radha General Store,12.855234,78.934285,4.7,OpenStreetMap,High
COMP0892,LOC008,Dairy,New Dairy,24.644260,81.820743,9.5,OpenStreetMap,High
COMP0893,LOC012,Dairy,Vishal Doodh Bhandar,31.623457,78.674328,7.3,Illustrative,Low
COMP0894,LOC018,Tailoring,Prime Boutique,24.825414,87.083250,7.9,OpenStreetMap,Medium
COMP0895,LOC007,Dairy,Sun Doodh Bhandar,30.294525,79.561862,4.7,OpenStreetMap,Medium
COMP0896,LOC014,Tailoring,Gopal Fashion Point,15.669214,88.011871,4.4,OpenStreetMap,Medium
COMP0897,LOC002,Tailoring,Vishal Fashion Point,9.023861,80.181246,5.3,OpenStreetMap,Medium
COMP0898,LOC004,Tailoring,Ganesh Tailors,29.650743,79.697660,9.6,User-provided,High
COMP0899,LOC017,Dairy,Sun Milk Center,8.843628,81.582670,9.6,OpenStreetMap,High
COMP0900,LOC012,Kirana,Gopal Provision Store,18.331871,82.297146,8.1,OpenStreetMap,High
COMP0901,LOC007,Kirana,Maa General Store,16.373257,74.852037,5.6,Illustrative,Low
COMP0902,LOC019,Tailoring,Gramin Boutique,25.030721,84.109536,1.5,Illustrative,Low
COMP0903,LOC010,Dairy,City Doodh Bhandar,17.459351,80.724636,2.1,Illustrative,Low
COMP0904,LOC008,Tailoring,Bharat Boutique,26.299468,81.397636,9.4,User-provided,Medium
COMP0905,LOC014,Tailoring,Ganesh Fashion Point,11.226030,86.770968,3.6,OpenStreetMap,Medium
COMP0906,LOC003,Kirana,Jai Mart,14.613155,75.165577,5.0,OpenStreetMap,High
COMP0907,LOC007,Tailoring,Radha Boutique,19.975197,80.156837,1.2,OpenStreetMap,High
COMP0908,LOC017,Kirana,Laxmi Provision Store,31.386958,82.135347,0.6,OpenStreetMap,High
COMP0909,LOC005,Tailoring,Om Tailoring Works,19.727277,75.012089,7.1,Illustrative,Low
COMP0910,LOC010,Dairy,Gramin Dairy,32.136276,73.882210,3.9,User-provided,Medium
COMP0911,LOC009,Kirana,Om Kirana Store,14.345009,88.086905,2.2,User-provided,Medium
COMP0912,LOC004,Dairy,Shri Vishal Dudh Dairy,17.529446,75.649994,1.6,User-provided,Medium
COMP0913,LOC020,Tailoring,Prime Tailors,10.401598,88.428548,1.7,OpenStreetMap,High
COMP0914,LOC008,Dairy,Annapurna Dairy,10.234423,78.901593,9.6,OpenStreetMap,High
COMP0915,LOC002,Kirana,Ideal General Store,20.655922,80.238273,7.4,OpenStreetMap,High
COMP0916,LOC011,Tailoring,Maa Tailors,10.957635,73.622441,2.7,Illustrative,Low
COMP0917,LOC011,Kirana,Annapurna Kirana Store,27.484963,84.766053,4.7,OpenStreetMap,Medium
COMP0918,LOC004,Dairy,New Milk Center,23.112552,82.599084,8.5,OpenStreetMap,High
COMP0919,LOC003,Kirana,Modern Provision Store,14.767444,86.407403,1.2,OpenStreetMap,High
COMP0920,LOC018,Kirana,Sai Kirana Store,23.019580,82.436105,7.7,Illustrative,Low
COMP0921,LOC004,Dairy,Annapurna Milk Center,9.595705,84.425437,2.9,User-provided,High
COMP0922,LOC012,Tailoring,Modern Tailors,30.341571,73.897320,4.5,OpenStreetMap,Medium
COMP0923,LOC014,Tailoring,Royal Tailoring Works,23.789136,75.644387,5.8,OpenStreetMap,Medium
COMP0924,LOC001,Kirana,Vishal Kirana Store,14.691653,81.179823,5.0,User-provided,Medium
COMP0925,LOC010,Dairy,Vishal Milk Center,9.101529,86.410590,3.9,User-provided,Medium
COMP0926,LOC012,Dairy,City Milk Center,30.139403,87.529086,2.5,OpenStreetMap,High
COMP0927,LOC001,Kirana,Gramin Provision Store,23.270806,76.931942,3.0,User-provided,High
COMP0928,LOC008,Kirana,Modern Mart,27.342342,74.637608,5.2,OpenStreetMap,Medium
COMP0929,LOC019,Tailoring,Ideal Tailoring Works,25.303744,79.409642,0.3,OpenStreetMap,Medium
COMP0930,LOC002,Tailoring,Maa Tailoring Works,8.451862,78.352819,2.0,Illustrative,Low
COMP0931,LOC017,Tailoring,Radha Fashion Point,26.774925,74.170383,0.4,User-provided,Medium
COMP0932,LOC020,Tailoring,Maa Tailors,19.285904,85.916672,6.0,OpenStreetMap,Medium
COMP0933,LOC004,Tailoring,Ideal Tailors,27.090847,75.822341,8.3,OpenStreetMap,Medium
COMP0934,LOC015,Kirana,Gramin Mart,24.652512,75.663837,5.8,OpenStreetMap,High
COMP0935,LOC004,Dairy,Laxmi Doodh Bhandar,23.059658,77.946390,7.5,OpenStreetMap,Medium
COMP0936,LOC002,Kirana,Om General Store,26.910909,73.986061,8.6,Illustrative,Low
COMP0937,LOC012,Tailoring,Gramin Tailors,25.368484,75.519531,9.7,Illustrative,Low
COMP0938,LOC016,Tailoring,Shiv Fashion Point,15.609826,76.285864,5.6,User-provided,High
COMP0939,LOC018,Dairy,City Milk Center,20.064042,83.130552,0.8,OpenStreetMap,Medium
COMP0940,LOC002,Dairy,Shri Laxmi Dudh Dairy,10.468005,80.433867,8.6,OpenStreetMap,High
COMP0941,LOC020,Tailoring,Vishal Boutique,22.472438,73.952719,4.7,OpenStreetMap,Medium
COMP0942,LOC004,Tailoring,Bharat Tailoring Works,11.497884,87.682401,6.5,OpenStreetMap,Medium
COMP0943,LOC002,Dairy,Annapurna Dairy,17.307478,80.476869,2.5,User-provided,Medium
COMP0944,LOC006,Tailoring,City Fashion Point,28.505224,81.317836,7.5,OpenStreetMap,Medium
COMP0945,LOC001,Tailoring,Ideal Fashion Point,10.255977,86.546832,6.8,User-provided,High
COMP0946,LOC018,Tailoring,Ganesh Tailoring Works,9.675912,73.937205,1.5,OpenStreetMap,Medium
COMP0947,LOC009,Kirana,Gramin Kirana Store,8.945437,82.601669,6.9,OpenStreetMap,Medium
COMP0948,LOC020,Tailoring,Laxmi Tailors,17.058214,73.970293,5.0,User-provided,Medium
COMP0949,LOC012,Kirana,Gopal Kirana Store,28.764584,86.238605,0.8,OpenStreetMap,Medium
COMP0950,LOC014,Dairy,Shri Vishal Dudh Dairy,27.376563,78.528591,5.4,OpenStreetMap,High
COMP0951,LOC018,Tailoring,Bharat Tailors,10.227634,86.908397,3.7,User-provided,Medium
COMP0952,LOC007,Tailoring,Shree Boutique,16.075351,80.867385,5.2,OpenStreetMap,Medium
COMP0953,LOC005,Kirana,Ideal General Store,19.654119,86.492942,9.6,Illustrative,Low
COMP0954,LOC011,Dairy,Gopal Doodh Bhandar,27.233520,77.363658,9.8,OpenStreetMap,High
COMP0955,LOC002,Tailoring,Modern Tailors,31.294910,78.431334,3.9,OpenStreetMap,High
COMP0956,LOC015,Tailoring,Annapurna Fashion Point,21.062547,80.313414,1.5,OpenStreetMap,High
COMP0957,LOC013,Tailoring,Star Tailors,30.933958,74.958952,8.8,OpenStreetMap,High
COMP0958,LOC009,Tailoring,Prime Tailors,19.558707,83.987296,3.3,Illustrative,Low
COMP0959,LOC002,Kirana,Durga General Store,11.594822,81.412496,3.5,OpenStreetMap,High
COMP0960,LOC012,Tailoring,Sai Fashion Point,30.746674,77.511937,4.3,OpenStreetMap,High
COMP0961,LOC009,Kirana,Star Mart,23.718884,77.985051,2.3,Illustrative,Low
COMP0962,LOC020,Tailoring,Star Tailoring Works,10.469888,74.562099,1.5,OpenStreetMap,High
COMP0963,LOC011,Dairy,Radha Milk Center,28.509596,80.072088,7.0,Illustrative,Low
COMP0964,LOC003,Kirana,Star Mart,29.285024,84.818479,5.4,OpenStreetMap,Medium
COMP0965,LOC016,Kirana,Laxmi Provision Store,23.797954,74.187471,7.7,OpenStreetMap,Medium
COMP0966,LOC012,Kirana,New Provision Store,13.457958,74.818713,6.8,Illustrative,Low
COMP0967,LOC012,Kirana,Sai Mart,28.600053,73.185285,1.4,OpenStreetMap,Medium
COMP0968,LOC020,Dairy,Shri Star Dudh Dairy,11.722189,81.923165,6.6,User-provided,High
COMP0969,LOC007,Dairy,Modern Doodh Bhandar,22.428962,84.847916,8.2,OpenStreetMap,High
COMP0970,LOC003,Dairy,Ideal Milk Center,26.955953,73.690516,1.6,Illustrative,Low
COMP0971,LOC013,Dairy,Shri Krishna Dudh Dairy,27.740050,76.444903,6.3,OpenStreetMap,High
COMP0972,LOC018,Tailoring,Vishal Tailors,19.798632,87.566068,3.9,Illustrative,Low
COMP0973,LOC014,Tailoring,Maa Tailors,29.678240,81.899798,3.5,OpenStreetMap,High
COMP0974,LOC013,Kirana,Ideal Kirana Store,24.480495,81.281024,1.4,OpenStreetMap,High
COMP0975,LOC013,Dairy,Radha Milk Center,24.151520,82.420476,9.8,User-provided,Medium
COMP0976,LOC001,Tailoring,Shree Tailoring Works,13.556611,87.658797,0.9,OpenStreetMap,Medium
COMP0977,LOC003,Tailoring,Radha Tailoring Works,9.426177,79.949772,3.9,User-provided,Medium
COMP0978,LOC014,Kirana,Sun Provision Store,24.859242,79.036898,8.9,Illustrative,Low
COMP0979,LOC009,Tailoring,Laxmi Tailors,31.293109,78.109768,8.2,User-provided,High
COMP0980,LOC013,Dairy,Annapurna Doodh Bhandar,28.612805,82.552454,2.2,OpenStreetMap,High
COMP0981,LOC015,Tailoring,Ganesh Boutique,9.288548,82.062128,1.0,OpenStreetMap,Medium
COMP0982,LOC020,Dairy,Shri Gopal Dudh Dairy,20.632191,81.272240,4.6,User-provided,Medium
COMP0983,LOC004,Kirana,Annapurna Mart,26.743375,81.325008,3.6,OpenStreetMap,High
COMP0984,LOC017,Tailoring,Jai Boutique,26.455692,85.472472,4.8,User-provided,Medium
COMP0985,LOC007,Dairy,Sun Milk Center,18.399968,85.813696,5.0,OpenStreetMap,Medium
COMP0986,LOC013,Dairy,Star Doodh Bhandar,25.419280,78.479287,6.6,User-provided,Medium
COMP0987,LOC007,Kirana,Ideal Provision Store,15.362982,75.406105,9.2,OpenStreetMap,High
COMP0988,LOC012,Dairy,Vishal Dairy,11.859914,83.250366,9.1,OpenStreetMap,High
COMP0989,LOC010,Dairy,Ideal Doodh Bhandar,14.020499,82.182011,1.2,Illustrative,Low
COMP0990,LOC020,Dairy,City Doodh Bhandar,21.655496,86.796944,1.9,Illustrative,Low
COMP0991,LOC014,Dairy,Ganesh Milk Center,21.166467,73.395054,9.7,Illustrative,Low
COMP0992,LOC017,Dairy,Balaji Doodh Bhandar,19.829309,81.128899,6.6,OpenStreetMap,Medium
COMP0993,LOC006,Dairy,Shri Ideal Dudh Dairy,9.302187,87.797834,2.1,OpenStreetMap,High
COMP0994,LOC006,Dairy,Shri New Dudh Dairy,25.193611,76.138245,3.2,Illustrative,Low
COMP0995,LOC005,Dairy,Bharat Dairy,27.200028,80.825126,0.8,User-provided,Medium
COMP0996,LOC008,Tailoring,Sai Boutique,13.628877,74.737235,7.2,OpenStreetMap,High
COMP0997,LOC011,Dairy,Shri Modern Dudh Dairy,30.963535,78.484155,3.6,OpenStreetMap,Medium
COMP0998,LOC008,Kirana,Modern Mart,25.788230,81.971784,1.5,OpenStreetMap,High
COMP0999,LOC005,Tailoring,Durga Fashion Point,10.385425,72.901446,5.1,Illustrative,Low
COMP1000,LOC017,Dairy,Shri Bharat Dudh Dairy,13.368830,76.436133,8.9,OpenStreetMap,High
,,,,,,,,
"SYNTHETIC / ILLUSTRATIVE DATA — business names, coordinates, distances and location_ids are randomly generated for prototype/demo purposes only. NOT real OpenStreetMap or field-verified records, even where source is listed as 'OpenStreetMap' (label kept for schema realism). Replace with real mapped data for your golden demo location + Dairy before presenting.",,,,,,,,
